2015 GEOID,"2010 Census Percent Rural",,,,,,,,,,,,,
01001,42.00216232,,,,,,,,,,,,,
01003,42.27909911,,,,,,,,,,,,,
01005,67.7896347,,,,,,,,,,,,,
01007,68.35260746,,,,,,,,,,,,,
01009,89.95150204,,,,,,,,,,,,,
01011,51.37438153,,,,,,,,,,,,,
01013,71.23215735,,,,,,,,,,,,,
01015,33.69682556,,,,,,,,,,,,,
01017,49.14803449,,,,,,,,,,,,,
01019,85.73627304,,,,,,,,,,,,,
01021,86.74472424,,,,,,,,,,,,,
01023,100,,,,,,,,,,,,,
01025,75.98033523,,,,,,,,,,,,,
01027,100,,,,,,,,,,,,,
01029,100,,,,,,,,,,,,,
01031,47.19508289,,,,,,,,,,,,,
01033,43.89468656,,,,,,,,,,,,,
01035,80.94950106,,,,,,,,,,,,,
01037,100,,,,,,,,,,,,,
01039,69.65179399,,,,,,,,,,,,,
01041,100,,,,,,,,,,,,,
01043,73.23955924,,,,,,,,,,,,,
01045,50.88853953,,,,,,,,,,,,,
01047,45.63897764,,,,,,,,,,,,,
01049,90.1306445,,,,,,,,,,,,,
01051,54.18836614,,,,,,,,,,,,,
01053,63.51157389,,,,,,,,,,,,,
01055,37.48348176,,,,,,,,,,,,,
01057,80.23316513,,,,,,,,,,,,,
01059,70.36651527,,,,,,,,,,,,,
01061,89.64165733,,,,,,,,,,,,,
01063,100,,,,,,,,,,,,,
01065,89.16878173,,,,,,,,,,,,,
01067,87.75286094,,,,,,,,,,,,,
01069,33.80405133,,,,,,,,,,,,,
01071,77.01730325,,,,,,,,,,,,,
01073,9.83367554,,,,,,,,,,,,,
01075,100,,,,,,,,,,,,,
01077,49.29510619,,,,,,,,,,,,,
01079,91.28978712,,,,,,,,,,,,,
01081,27.40871723,,,,,,,,,,,,,
01083,57.60914208,,,,,,,,,,,,,
01085,100,,,,,,,,,,,,,
01087,55.54726832,,,,,,,,,,,,,
01089,16.44151477,,,,,,,,,,,,,
01091,69.31564179,,,,,,,,,,,,,
01093,88.85495191,,,,,,,,,,,,,
01095,53.26868704,,,,,,,,,,,,,
01097,20.0199032,,,,,,,,,,,,,
01099,79.0445639,,,,,,,,,,,,,
01101,10.49123006,,,,,,,,,,,,,
01103,38.59737217,,,,,,,,,,,,,
01105,100,,,,,,,,,,,,,
01107,100,,,,,,,,,,,,,
01109,51.67938235,,,,,,,,,,,,,
01111,81.34246934,,,,,,,,,,,,,
01113,35.4089939,,,,,,,,,,,,,
01115,72.79676528,,,,,,,,,,,,,
01117,22.94487018,,,,,,,,,,,,,
01119,100,,,,,,,,,,,,,
01121,55.81533825,,,,,,,,,,,,,
01123,74.22625913,,,,,,,,,,,,,
01125,25.50807578,,,,,,,,,,,,,
01127,74.08799964,,,,,,,,,,,,,
01129,100,,,,,,,,,,,,,
01131,100,,,,,,,,,,,,,
01133,84.89217448,,,,,,,,,,,,,
02013,100,,,,,,,,,,,,,
02016,100,,,,,,,,,,,,,
02020,4.117179415,,,,,,,,,,,,,
02050,73.93757715,,,,,,,,,,,,,
02060,100,,,,,,,,,,,,,
02068,100,,,,,,,,,,,,,
02070,100,,,,,,,,,,,,,
02090,30.87076378,,,,,,,,,,,,,
02100,100,,,,,,,,,,,,,
02105,100,,,,,,,,,,,,,
02110,21.54436451,,,,,,,,,,,,,
02122,79.33754513,,,,,,,,,,,,,
02130,23.18765304,,,,,,,,,,,,,
02150,31.31989406,,,,,,,,,,,,,
02158,100,,,,,,,,,,,,,
02164,100,,,,,,,,,,,,,
02170,50.29383673,,,,,,,,,,,,,
02180,66.05562579,,,,,,,,,,,,,
02185,59.33191941,,,,,,,,,,,,,
02188,57.46377775,,,,,,,,,,,,,
02195,100,,,,,,,,,,,,,
02198,100,,,,,,,,,,,,,
02220,20.87602747,,,,,,,,,,,,,
02230,100,,,,,,,,,,,,,
02240,100,,,,,,,,,,,,,
02261,100,,,,,,,,,,,,,
02275,100,,,,,,,,,,,,,
02282,100,,,,,,,,,,,,,
02290,100,,,,,,,,,,,,,
04001,74.06107553,,,,,,,,,,,,,
04003,36.30106741,,,,,,,,,,,,,
04005,31.46606557,,,,,,,,,,,,,
04007,41.06199974,,,,,,,,,,,,,
04009,46.43739925,,,,,,,,,,,,,
04011,46.56868555,,,,,,,,,,,,,
04012,56.32778564,,,,,,,,,,,,,
04013,2.363799695,,,,,,,,,,,,,
04015,22.96364381,,,,,,,,,,,,,
04017,54.13824233,,,,,,,,,,,,,
04019,7.523491145,,,,,,,,,,,,,
04021,21.90462251,,,,,,,,,,,,,
04023,26.88317166,,,,,,,,,,,,,
04025,33.19717769,,,,,,,,,,,,,
04027,10.42957635,,,,,,,,,,,,,
05001,34.70739787,,,,,,,,,,,,,
05003,51.6816913,,,,,,,,,,,,,
05005,65.84202539,,,,,,,,,,,,,
05007,25.16004861,,,,,,,,,,,,,
05009,62.19819527,,,,,,,,,,,,,
05011,49.59158846,,,,,,,,,,,,,
05013,100,,,,,,,,,,,,,
05015,72.83392844,,,,,,,,,,,,,
05017,54.27966102,,,,,,,,,,,,,
05019,54.37703849,,,,,,,,,,,,,
05021,58.85717839,,,,,,,,,,,,,
05023,75.52175587,,,,,,,,,,,,,
05025,100,,,,,,,,,,,,,
05027,57.48615184,,,,,,,,,,,,,
05029,70.51661731,,,,,,,,,,,,,
05031,32.16822372,,,,,,,,,,,,,
05033,51.9613224,,,,,,,,,,,,,
05035,20.887195,,,,,,,,,,,,,
05037,56.7879127,,,,,,,,,,,,,
05039,52.63676688,,,,,,,,,,,,,
05041,31.41912669,,,,,,,,,,,,,
05043,48.60878492,,,,,,,,,,,,,
05045,38.7602992,,,,,,,,,,,,,
05047,82.60413793,,,,,,,,,,,,,
05049,92.919559,,,,,,,,,,,,,
05051,36.90327418,,,,,,,,,,,,,
05053,75.02940682,,,,,,,,,,,,,
05055,41.50629603,,,,,,,,,,,,,
05057,55.76982618,,,,,,,,,,,,,
05059,65.96907937,,,,,,,,,,,,,
05061,67.51758648,,,,,,,,,,,,,
05063,68.58405872,,,,,,,,,,,,,
05065,100,,,,,,,,,,,,,
05067,65.06084347,,,,,,,,,,,,,
05069,30.91625234,,,,,,,,,,,,,
05071,71.36648395,,,,,,,,,,,,,
05073,100,,,,,,,,,,,,,
05075,63.5601493,,,,,,,,,,,,,
05077,63.50729087,,,,,,,,,,,,,
05079,100,,,,,,,,,,,,,
05081,68.52175233,,,,,,,,,,,,,
05083,71.01954995,,,,,,,,,,,,,
05085,44.81245245,,,,,,,,,,,,,
05087,100,,,,,,,,,,,,,
05089,100,,,,,,,,,,,,,
05091,40.01196447,,,,,,,,,,,,,
05093,36.2672117,,,,,,,,,,,,,
05095,68.97778869,,,,,,,,,,,,,
05097,100,,,,,,,,,,,,,
05099,69.17861509,,,,,,,,,,,,,
05101,100,,,,,,,,,,,,,
05103,56.3492975,,,,,,,,,,,,,
05105,100,,,,,,,,,,,,,
05107,47.96617181,,,,,,,,,,,,,
05109,100,,,,,,,,,,,,,
05111,71.13859171,,,,,,,,,,,,,
05113,73.38592585,,,,,,,,,,,,,
05115,54.49363604,,,,,,,,,,,,,
05117,100,,,,,,,,,,,,,
05119,12.27674606,,,,,,,,,,,,,
05121,67.42167066,,,,,,,,,,,,,
05123,51.55354236,,,,,,,,,,,,,
05125,36.16012248,,,,,,,,,,,,,
05127,70.35520342,,,,,,,,,,,,,
05129,100,,,,,,,,,,,,,
05131,20.81212622,,,,,,,,,,,,,
05133,63.60065658,,,,,,,,,,,,,
05135,80.05676552,,,,,,,,,,,,,
05137,100,,,,,,,,,,,,,
05139,54.50419078,,,,,,,,,,,,,
05141,100,,,,,,,,,,,,,
05143,25.49479231,,,,,,,,,,,,,
05145,54.31781618,,,,,,,,,,,,,
05147,100,,,,,,,,,,,,,
05149,79.12553527,,,,,,,,,,,,,
06001,0.388605754,,,,,,,,,,,,,
06003,100,,,,,,,,,,,,,
06005,60.42372214,,,,,,,,,,,,,
06007,18.90181818,,,,,,,,,,,,,
06009,75.40918864,,,,,,,,,,,,,
06011,31.72417013,,,,,,,,,,,,,
06013,0.792736112,,,,,,,,,,,,,
06015,33.67354072,,,,,,,,,,,,,
06017,34.69993041,,,,,,,,,,,,,
06019,10.80520178,,,,,,,,,,,,,
06021,40.87191523,,,,,,,,,,,,,
06023,29.75865937,,,,,,,,,,,,,
06025,17.41783553,,,,,,,,,,,,,
06027,46.43049714,,,,,,,,,,,,,
06029,10.20603098,,,,,,,,,,,,,
06031,10.85160346,,,,,,,,,,,,,
06033,33.10600789,,,,,,,,,,,,,
06035,70.5258633,,,,,,,,,,,,,
06037,0.605218358,,,,,,,,,,,,,
06039,32.92480032,,,,,,,,,,,,,
06041,6.519973535,,,,,,,,,,,,,
06043,100,,,,,,,,,,,,,
06045,45.23058708,,,,,,,,,,,,,
06047,14.27326002,,,,,,,,,,,,,
06049,69.95663845,,,,,,,,,,,,,
06051,45.83157302,,,,,,,,,,,,,
06053,9.816001176,,,,,,,,,,,,,
06055,13.40083819,,,,,,,,,,,,,
06057,42.13478595,,,,,,,,,,,,,
06059,0.143344433,,,,,,,,,,,,,
06061,13.78719521,,,,,,,,,,,,,
06063,74.02409157,,,,,,,,,,,,,
06065,4.622310233,,,,,,,,,,,,,
06067,2.062112169,,,,,,,,,,,,,
06069,24.00441477,,,,,,,,,,,,,
06071,4.734499143,,,,,,,,,,,,,
06073,3.297049442,,,,,,,,,,,,,
06075,0,,,,,,,,,,,,,
06077,8.47285738,,,,,,,,,,,,,
06079,16.59638699,,,,,,,,,,,,,
06081,1.891012748,,,,,,,,,,,,,
06083,5.01751613,,,,,,,,,,,,,
06085,1.083663272,,,,,,,,,,,,,
06087,12.03931672,,,,,,,,,,,,,
06089,29.28626646,,,,,,,,,,,,,
06091,99.72222222,,,,,,,,,,,,,
06093,65.82628062,,,,,,,,,,,,,
06095,3.718452427,,,,,,,,,,,,,
06097,12.35352713,,,,,,,,,,,,,
06099,7.980709608,,,,,,,,,,,,,
06101,14.79780867,,,,,,,,,,,,,
06103,51.48826876,,,,,,,,,,,,,
06105,100,,,,,,,,,,,,,
06107,15.47993007,,,,,,,,,,,,,
06109,48.96595322,,,,,,,,,,,,,
06111,3.124552117,,,,,,,,,,,,,
06113,6.929583916,,,,,,,,,,,,,
06115,26.22271499,,,,,,,,,,,,,
08001,3.620446419,,,,,,,,,,,,,
08003,36.86629977,,,,,,,,,,,,,
08005,1.575586539,,,,,,,,,,,,,
08007,59.37603443,,,,,,,,,,,,,
08009,100,,,,,,,,,,,,,
08011,37.95968611,,,,,,,,,,,,,
08013,8.913082592,,,,,,,,,,,,,
08014,0.583299039,,,,,,,,,,,,,
08015,37.41366725,,,,,,,,,,,,,
08017,100,,,,,,,,,,,,,
08019,100,,,,,,,,,,,,,
08021,100,,,,,,,,,,,,,
08023,100,,,,,,,,,,,,,
08025,100,,,,,,,,,,,,,
08027,100,,,,,,,,,,,,,
08029,63.17200827,,,,,,,,,,,,,
08031,0,,,,,,,,,,,,,
08033,100,,,,,,,,,,,,,
08035,10.28742578,,,,,,,,,,,,,
08037,19.98390712,,,,,,,,,,,,,
08039,100,,,,,,,,,,,,,
08041,8.934325197,,,,,,,,,,,,,
08043,26.42021186,,,,,,,,,,,,,
08045,24.10399191,,,,,,,,,,,,,
08047,100,,,,,,,,,,,,,
08049,82.59785758,,,,,,,,,,,,,
08051,58.60741321,,,,,,,,,,,,,
08053,100,,,,,,,,,,,,,
08055,56.14662494,,,,,,,,,,,,,
08057,100,,,,,,,,,,,,,
08059,6.896358198,,,,,,,,,,,,,
08061,100,,,,,,,,,,,,,
08063,48.69407497,,,,,,,,,,,,,
08065,31.06703146,,,,,,,,,,,,,
08067,59.9485721,,,,,,,,,,,,,
08069,11.66038114,,,,,,,,,,,,,
08071,40.79447991,,,,,,,,,,,,,
08073,100,,,,,,,,,,,,,
08075,29.1558413,,,,,,,,,,,,,
08077,12.67626752,,,,,,,,,,,,,
08079,100,,,,,,,,,,,,,
08081,27.35773831,,,,,,,,,,,,,
08083,67.18229881,,,,,,,,,,,,,
08085,44.9898246,,,,,,,,,,,,,
08087,32.54732057,,,,,,,,,,,,,
08089,34.40603261,,,,,,,,,,,,,
08091,100,,,,,,,,,,,,,
08093,100,,,,,,,,,,,,,
08095,100,,,,,,,,,,,,,
08097,44.20340564,,,,,,,,,,,,,
08099,37.88542746,,,,,,,,,,,,,
08101,14.1535115,,,,,,,,,,,,,
08103,100,,,,,,,,,,,,,
08105,62.53546987,,,,,,,,,,,,,
08107,45.1784423,,,,,,,,,,,,,
08109,100,,,,,,,,,,,,,
08111,100,,,,,,,,,,,,,
08113,100,,,,,,,,,,,,,
08115,100,,,,,,,,,,,,,
08117,19.51846824,,,,,,,,,,,,,
08119,62.60385439,,,,,,,,,,,,,
08121,100,,,,,,,,,,,,,
08123,20.46000198,,,,,,,,,,,,,
08125,64.9108832,,,,,,,,,,,,,
09001,4.584060932,,,,,,,,,,,,,
09003,5.408640133,,,,,,,,,,,,,
09005,41.44855655,,,,,,,,,,,,,
09007,24.54006615,,,,,,,,,,,,,
09009,3.639981124,,,,,,,,,,,,,
09011,25.80832315,,,,,,,,,,,,,
09013,38.2078839,,,,,,,,,,,,,
09015,49.76103624,,,,,,,,,,,,,
10001,26.96937958,,,,,,,,,,,,,
10003,4.602407893,,,,,,,,,,,,,
10005,41.30360902,,,,,,,,,,,,,
11001,0,,,,,,,,,,,,,
12001,21.19343727,,,,,,,,,,,,,
12003,59.49105661,,,,,,,,,,,,,
12005,11.99985786,,,,,,,,,,,,,
12007,75.52945302,,,,,,,,,,,,,
12009,5.074386797,,,,,,,,,,,,,
12011,0.016932999,,,,,,,,,,,,,
12013,67.51452991,,,,,,,,,,,,,
12015,8.884346598,,,,,,,,,,,,,
12017,34.51881956,,,,,,,,,,,,,
12019,14.96869515,,,,,,,,,,,,,
12021,8.485941777,,,,,,,,,,,,,
12023,62.05742548,,,,,,,,,,,,,
12027,46.24232689,,,,,,,,,,,,,
12029,77.02472293,,,,,,,,,,,,,
12031,2.911498005,,,,,,,,,,,,,
12033,8.302225328,,,,,,,,,,,,,
12035,10.32122555,,,,,,,,,,,,,
12037,68.04052299,,,,,,,,,,,,,
12039,65.37972364,,,,,,,,,,,,,
12041,83.91876734,,,,,,,,,,,,,
12043,70.63800062,,,,,,,,,,,,,
12045,77.08504066,,,,,,,,,,,,,
12047,63.48401919,,,,,,,,,,,,,
12049,47.80931088,,,,,,,,,,,,,
12051,37.89218191,,,,,,,,,,,,,
12053,19.37515193,,,,,,,,,,,,,
12055,21.06573806,,,,,,,,,,,,,
12057,3.512860939,,,,,,,,,,,,,
12059,78.7725197,,,,,,,,,,,,,
12061,4.967832614,,,,,,,,,,,,,
12063,75.36284324,,,,,,,,,,,,,
12065,100,,,,,,,,,,,,,
12067,100,,,,,,,,,,,,,
12069,19.2541921,,,,,,,,,,,,,
12071,5.820245202,,,,,,,,,,,,,
12073,12.30947377,,,,,,,,,,,,,
12075,92.04921448,,,,,,,,,,,,,
12077,100,,,,,,,,,,,,,
12079,80.0093633,,,,,,,,,,,,,
12081,5.790300248,,,,,,,,,,,,,
12083,31.02779027,,,,,,,,,,,,,
12085,8.476742438,,,,,,,,,,,,,
12086,0.404373078,,,,,,,,,,,,,
12087,8.713914352,,,,,,,,,,,,,
12089,48.14632949,,,,,,,,,,,,,
12091,12.09919147,,,,,,,,,,,,,
12093,36.54865487,,,,,,,,,,,,,
12095,2.042137744,,,,,,,,,,,,,
12097,7.821054395,,,,,,,,,,,,,
12099,1.042545681,,,,,,,,,,,,,
12101,9.466383471,,,,,,,,,,,,,
12103,0.284002261,,,,,,,,,,,,,
12105,13.51049253,,,,,,,,,,,,,
12107,56.1629283,,,,,,,,,,,,,
12109,23.77354122,,,,,,,,,,,,,
12111,3.357224368,,,,,,,,,,,,,
12113,20.98935074,,,,,,,,,,,,,
12115,4.320486602,,,,,,,,,,,,,
12117,3.157660663,,,,,,,,,,,,,
12119,34.96467566,,,,,,,,,,,,,
12121,83.16767346,,,,,,,,,,,,,
12123,69.28223305,,,,,,,,,,,,,
12125,67.44769874,,,,,,,,,,,,,
12127,9.94332714,,,,,,,,,,,,,
12129,61.67793086,,,,,,,,,,,,,
12131,63.12519303,,,,,,,,,,,,,
12133,84.55173522,,,,,,,,,,,,,
13001,71.44110551,,,,,,,,,,,,,
13003,100,,,,,,,,,,,,,
13005,69.28622927,,,,,,,,,,,,,
13007,100,,,,,,,,,,,,,
13009,35.1399825,,,,,,,,,,,,,
13011,93.82984507,,,,,,,,,,,,,
13013,30.06184497,,,,,,,,,,,,,
13015,35.22769252,,,,,,,,,,,,,
13017,34.00249518,,,,,,,,,,,,,
13019,76.1433164,,,,,,,,,,,,,
13021,14.41043543,,,,,,,,,,,,,
13023,51.58845594,,,,,,,,,,,,,
13025,99.44598338,,,,,,,,,,,,,
13027,71.03983254,,,,,,,,,,,,,
13029,52.34346575,,,,,,,,,,,,,
13031,48.28317929,,,,,,,,,,,,,
13033,74.9957111,,,,,,,,,,,,,
13035,77.94123864,,,,,,,,,,,,,
13037,100,,,,,,,,,,,,,
13039,31.44339081,,,,,,,,,,,,,
13043,66.96672122,,,,,,,,,,,,,
13045,41.82507442,,,,,,,,,,,,,
13047,28.10202996,,,,,,,,,,,,,
13049,51.02292334,,,,,,,,,,,,,
13051,4.504908857,,,,,,,,,,,,,
13053,29.51983669,,,,,,,,,,,,,
13055,57.55910052,,,,,,,,,,,,,
13057,17.10272177,,,,,,,,,,,,,
13059,5.859622667,,,,,,,,,,,,,
13061,100,,,,,,,,,,,,,
13063,0.887735907,,,,,,,,,,,,,
13065,60.4295381,,,,,,,,,,,,,
13067,0.246193019,,,,,,,,,,,,,
13069,66.58324677,,,,,,,,,,,,,
13071,58.94984395,,,,,,,,,,,,,
13073,16.22774137,,,,,,,,,,,,,
13075,59.41203811,,,,,,,,,,,,,
13077,32.93275839,,,,,,,,,,,,,
13079,100,,,,,,,,,,,,,
13081,47.02845685,,,,,,,,,,,,,
13083,72.12769795,,,,,,,,,,,,,
13085,80.30900134,,,,,,,,,,,,,
13087,56.47582789,,,,,,,,,,,,,
13089,0.263044933,,,,,,,,,,,,,
13091,72.22884933,,,,,,,,,,,,,
13093,53.66671136,,,,,,,,,,,,,
13095,13.95971025,,,,,,,,,,,,,
13097,15.75719583,,,,,,,,,,,,,
13099,65.95203488,,,,,,,,,,,,,
13101,100,,,,,,,,,,,,,
13103,67.05263158,,,,,,,,,,,,,
13105,70.61886343,,,,,,,,,,,,,
13107,66.88202496,,,,,,,,,,,,,
13109,61.28181818,,,,,,,,,,,,,
13111,100,,,,,,,,,,,,,
13113,18.17823529,,,,,,,,,,,,,
13115,36.82216016,,,,,,,,,,,,,
13117,9.921885238,,,,,,,,,,,,,
13119,88.92863612,,,,,,,,,,,,,
13121,1.077693664,,,,,,,,,,,,,
13123,87.64315001,,,,,,,,,,,,,
13125,100,,,,,,,,,,,,,
13127,20.56614674,,,,,,,,,,,,,
13129,51.55836625,,,,,,,,,,,,,
13131,62.36056135,,,,,,,,,,,,,
13133,82.74978117,,,,,,,,,,,,,
13135,0.485520681,,,,,,,,,,,,,
13137,58.76257522,,,,,,,,,,,,,
13139,20.55664389,,,,,,,,,,,,,
13141,61.58659455,,,,,,,,,,,,,
13143,77.35927728,,,,,,,,,,,,,
13145,96.6837372,,,,,,,,,,,,,
13147,74.46555348,,,,,,,,,,,,,
13149,100,,,,,,,,,,,,,
13151,13.85333608,,,,,,,,,,,,,
13153,9.962115797,,,,,,,,,,,,,
13155,64.70958272,,,,,,,,,,,,,
13157,60.01487972,,,,,,,,,,,,,
13159,81.76258993,,,,,,,,,,,,,
13161,69.51154765,,,,,,,,,,,,,
13163,80.66745422,,,,,,,,,,,,,
13165,66.10311751,,,,,,,,,,,,,
13167,65.41082164,,,,,,,,,,,,,
13169,67.71425582,,,,,,,,,,,,,
13171,60.8724136,,,,,,,,,,,,,
13173,71.12522326,,,,,,,,,,,,,
13175,56.64409299,,,,,,,,,,,,,
13177,36.22870874,,,,,,,,,,,,,
13179,23.16044947,,,,,,,,,,,,,
13181,100,,,,,,,,,,,,,
13183,81.33987832,,,,,,,,,,,,,
13185,27.20423315,,,,,,,,,,,,,
13187,83.94180071,,,,,,,,,,,,,
13189,60.96,,,,,,,,,,,,,
13191,74.31103049,,,,,,,,,,,,,
13193,53.18860244,,,,,,,,,,,,,
13195,91.87766714,,,,,,,,,,,,,
13197,100,,,,,,,,,,,,,
13199,83.28483085,,,,,,,,,,,,,
13201,100,,,,,,,,,,,,,
13205,54.51102221,,,,,,,,,,,,,
13207,80.23009385,,,,,,,,,,,,,
13209,98.70656582,,,,,,,,,,,,,
13211,75.36937542,,,,,,,,,,,,,
13213,70.1271828,,,,,,,,,,,,,
13215,2.9775917,,,,,,,,,,,,,
13217,31.24412253,,,,,,,,,,,,,
13219,50.31699585,,,,,,,,,,,,,
13221,99.25498356,,,,,,,,,,,,,
13223,20.05283719,,,,,,,,,,,,,
13225,38.22350605,,,,,,,,,,,,,
13227,73.10319051,,,,,,,,,,,,,
13229,79.35280947,,,,,,,,,,,,,
13231,98.96468745,,,,,,,,,,,,,
13233,51.42133816,,,,,,,,,,,,,
13235,66.70274771,,,,,,,,,,,,,
13237,80.9454237,,,,,,,,,,,,,
13239,73.09988062,,,,,,,,,,,,,
13241,79.28237896,,,,,,,,,,,,,
13243,50.62831973,,,,,,,,,,,,,
13245,9.216201527,,,,,,,,,,,,,
13247,14.93281699,,,,,,,,,,,,,
13249,100,,,,,,,,,,,,,
13251,78.92140067,,,,,,,,,,,,,
13253,68.55309887,,,,,,,,,,,,,
13255,41.61971501,,,,,,,,,,,,,
13257,58.5635148,,,,,,,,,,,,,
13259,100,,,,,,,,,,,,,
13261,41.78372284,,,,,,,,,,,,,
13263,93.8820102,,,,,,,,,,,,,
13265,100,,,,,,,,,,,,,
13267,68.23667712,,,,,,,,,,,,,
13269,100,,,,,,,,,,,,,
13271,46.98787879,,,,,,,,,,,,,
13273,51.00452298,,,,,,,,,,,,,
13275,46.02191413,,,,,,,,,,,,,
13277,40.78219253,,,,,,,,,,,,,
13279,51.05609227,,,,,,,,,,,,,
13281,100,,,,,,,,,,,,,
13283,58.8671024,,,,,,,,,,,,,
13285,44.29926615,,,,,,,,,,,,,
13287,49.731243,,,,,,,,,,,,,
13289,100,,,,,,,,,,,,,
13291,100,,,,,,,,,,,,,
13293,46.9082606,,,,,,,,,,,,,
13295,43.85362732,,,,,,,,,,,,,
13297,42.65829434,,,,,,,,,,,,,
13299,29.44205772,,,,,,,,,,,,,
13301,100,,,,,,,,,,,,,
13303,65.60154812,,,,,,,,,,,,,
13305,57.93880195,,,,,,,,,,,,,
13307,100,,,,,,,,,,,,,
13309,100,,,,,,,,,,,,,
13311,83.79384026,,,,,,,,,,,,,
13313,29.07728145,,,,,,,,,,,,,
13315,100,,,,,,,,,,,,,
13317,67.3652412,,,,,,,,,,,,,
13319,100,,,,,,,,,,,,,
13321,69.16370681,,,,,,,,,,,,,
15001,37.99080393,,,,,,,,,,,,,
15003,0.862876584,,,,,,,,,,,,,
15005,100,,,,,,,,,,,,,
15007,12.86014518,,,,,,,,,,,,,
15009,14.56785977,,,,,,,,,,,,,
16001,5.47220063,,,,,,,,,,,,,
16003,100,,,,,,,,,,,,,
16005,15.72930624,,,,,,,,,,,,,
16007,100,,,,,,,,,,,,,
16009,71.91168551,,,,,,,,,,,,,
16011,56.03087245,,,,,,,,,,,,,
16013,32.76571856,,,,,,,,,,,,,
16015,100,,,,,,,,,,,,,
16017,72.44660812,,,,,,,,,,,,,
16019,12.94293603,,,,,,,,,,,,,
16021,76.18483412,,,,,,,,,,,,,
16023,100,,,,,,,,,,,,,
16025,100,,,,,,,,,,,,,
16027,19.86788268,,,,,,,,,,,,,
16029,59.88797932,,,,,,,,,,,,,
16031,51.51185082,,,,,,,,,,,,,
16033,100,,,,,,,,,,,,,
16035,58.61203059,,,,,,,,,,,,,
16037,100,,,,,,,,,,,,,
16039,26.88438494,,,,,,,,,,,,,
16041,66.18958236,,,,,,,,,,,,,
16043,72.04349796,,,,,,,,,,,,,
16045,45.02063521,,,,,,,,,,,,,
16047,58.08329022,,,,,,,,,,,,,
16049,80.63564271,,,,,,,,,,,,,
16051,66.61055853,,,,,,,,,,,,,
16053,51.31849468,,,,,,,,,,,,,
16055,24.2443716,,,,,,,,,,,,,
16057,34.99087101,,,,,,,,,,,,,
16059,61.1391129,,,,,,,,,,,,,
16061,100,,,,,,,,,,,,,
16063,100,,,,,,,,,,,,,
16065,28.46334186,,,,,,,,,,,,,
16067,44.22243261,,,,,,,,,,,,,
16069,19.16465045,,,,,,,,,,,,,
16071,100,,,,,,,,,,,,,
16073,77.29481173,,,,,,,,,,,,,
16075,42.66896521,,,,,,,,,,,,,
16077,42.58667008,,,,,,,,,,,,,
16079,56.03603604,,,,,,,,,,,,,
16081,100,,,,,,,,,,,,,
16083,27.99041823,,,,,,,,,,,,,
16085,100,,,,,,,,,,,,,
16087,45.56775838,,,,,,,,,,,,,
17001,32.59913864,,,,,,,,,,,,,
17003,61.85967468,,,,,,,,,,,,,
17005,60.73840612,,,,,,,,,,,,,
17007,19.36305732,,,,,,,,,,,,,
17009,41.06962664,,,,,,,,,,,,,
17011,57.39035965,,,,,,,,,,,,,
17013,100,,,,,,,,,,,,,
17015,81.87430948,,,,,,,,,,,,,
17017,52.13311831,,,,,,,,,,,,,
17019,12.71030082,,,,,,,,,,,,,
17021,43.45114943,,,,,,,,,,,,,
17023,59.54086318,,,,,,,,,,,,,
17025,64.7339848,,,,,,,,,,,,,
17027,48.7580107,,,,,,,,,,,,,
17029,24.28860468,,,,,,,,,,,,,
17031,0.045296385,,,,,,,,,,,,,
17033,60.16551446,,,,,,,,,,,,,
17035,100,,,,,,,,,,,,,
17037,20.30524914,,,,,,,,,,,,,
17039,48.75309462,,,,,,,,,,,,,
17041,61.63663664,,,,,,,,,,,,,
17043,0.047550288,,,,,,,,,,,,,
17045,51.80340224,,,,,,,,,,,,,
17047,100,,,,,,,,,,,,,
17049,59.69861574,,,,,,,,,,,,,
17051,66.98735321,,,,,,,,,,,,,
17053,41.77970315,,,,,,,,,,,,,
17055,48.58067288,,,,,,,,,,,,,
17057,60.02589765,,,,,,,,,,,,,
17059,100,,,,,,,,,,,,,
17061,70.84833645,,,,,,,,,,,,,
17063,24.37528714,,,,,,,,,,,,,
17065,68.09743408,,,,,,,,,,,,,
17067,70.97466499,,,,,,,,,,,,,
17069,100,,,,,,,,,,,,,
17071,99.6589824,,,,,,,,,,,,,
17073,50.27532385,,,,,,,,,,,,,
17075,71.74103237,,,,,,,,,,,,,
17077,37.16662792,,,,,,,,,,,,,
17079,69.8597649,,,,,,,,,,,,,
17081,58.77095835,,,,,,,,,,,,,
17083,60.56993692,,,,,,,,,,,,,
17085,72.5901755,,,,,,,,,,,,,
17087,100,,,,,,,,,,,,,
17089,3.558335549,,,,,,,,,,,,,
17091,24.45680438,,,,,,,,,,,,,
17093,10.41957189,,,,,,,,,,,,,
17095,24.32018746,,,,,,,,,,,,,
17097,1.267303707,,,,,,,,,,,,,
17099,30.2148801,,,,,,,,,,,,,
17101,58.01699044,,,,,,,,,,,,,
17103,53.21251145,,,,,,,,,,,,,
17105,40.80359435,,,,,,,,,,,,,
17107,39.86470879,,,,,,,,,,,,,
17109,29.50447688,,,,,,,,,,,,,
17111,9.878546444,,,,,,,,,,,,,
17113,16.49682731,,,,,,,,,,,,,
17115,15.26162791,,,,,,,,,,,,,
17117,58.51355595,,,,,,,,,,,,,
17119,13.34066146,,,,,,,,,,,,,
17121,45.05667267,,,,,,,,,,,,,
17123,100,,,,,,,,,,,,,
17125,77.48534024,,,,,,,,,,,,,
17127,50.50878216,,,,,,,,,,,,,
17129,75.69460842,,,,,,,,,,,,,
17131,77.75952294,,,,,,,,,,,,,
17133,41.35995388,,,,,,,,,,,,,
17135,41.62237576,,,,,,,,,,,,,
17137,36.22809238,,,,,,,,,,,,,
17139,69.23750505,,,,,,,,,,,,,
17141,47.09983737,,,,,,,,,,,,,
17143,14.64551138,,,,,,,,,,,,,
17145,43.64205817,,,,,,,,,,,,,
17147,67.66094805,,,,,,,,,,,,,
17149,72.30675593,,,,,,,,,,,,,
17151,100,,,,,,,,,,,,,
17153,100,,,,,,,,,,,,,
17155,100,,,,,,,,,,,,,
17157,42.64249014,,,,,,,,,,,,,
17159,43.46701164,,,,,,,,,,,,,
17161,10.91998428,,,,,,,,,,,,,
17163,9.754643481,,,,,,,,,,,,,
17165,43.66395055,,,,,,,,,,,,,
17167,14.12655407,,,,,,,,,,,,,
17169,57.63520679,,,,,,,,,,,,,
17171,100,,,,,,,,,,,,,
17173,77.73107365,,,,,,,,,,,,,
17175,100,,,,,,,,,,,,,
17177,40.09347949,,,,,,,,,,,,,
17179,20.41818692,,,,,,,,,,,,,
17181,65.86927224,,,,,,,,,,,,,
17183,31.25635528,,,,,,,,,,,,,
17185,38.89679417,,,,,,,,,,,,,
17187,45.47918902,,,,,,,,,,,,,
17189,73.64773036,,,,,,,,,,,,,
17191,69.93436754,,,,,,,,,,,,,
17193,62.0320491,,,,,,,,,,,,,
17195,37.34315703,,,,,,,,,,,,,
17197,3.929393707,,,,,,,,,,,,,
17199,34.79813735,,,,,,,,,,,,,
17201,7.914219721,,,,,,,,,,,,,
17203,54.88568177,,,,,,,,,,,,,
18001,53.67435368,,,,,,,,,,,,,
18003,11.87976146,,,,,,,,,,,,,
18005,33.70315389,,,,,,,,,,,,,
18007,100,,,,,,,,,,,,,
18009,50.61099796,,,,,,,,,,,,,
18011,34.40501412,,,,,,,,,,,,,
18013,100,,,,,,,,,,,,,
18015,81.40411808,,,,,,,,,,,,,
18017,44.66714572,,,,,,,,,,,,,
18019,20.514914,,,,,,,,,,,,,
18021,60.88880625,,,,,,,,,,,,,
18023,49.78328919,,,,,,,,,,,,,
18025,100,,,,,,,,,,,,,
18027,60.28185035,,,,,,,,,,,,,
18029,53.05812536,,,,,,,,,,,,,
18031,53.7956488,,,,,,,,,,,,,
18033,42.2992208,,,,,,,,,,,,,
18035,22.81190778,,,,,,,,,,,,,
18037,49.24681897,,,,,,,,,,,,,
18039,20.5872676,,,,,,,,,,,,,
18041,36.78378712,,,,,,,,,,,,,
18043,20.32771058,,,,,,,,,,,,,
18045,65.9512761,,,,,,,,,,,,,
18047,88.85953134,,,,,,,,,,,,,
18049,64.92129007,,,,,,,,,,,,,
18051,53.61907889,,,,,,,,,,,,,
18053,28.91255013,,,,,,,,,,,,,
18055,74.84396201,,,,,,,,,,,,,
18057,5.635377628,,,,,,,,,,,,,
18059,30.44627296,,,,,,,,,,,,,
18061,85.84747485,,,,,,,,,,,,,
18063,17.84692811,,,,,,,,,,,,,
18065,42.8551211,,,,,,,,,,,,,
18067,21.53543117,,,,,,,,,,,,,
18069,50.95625471,,,,,,,,,,,,,
18071,43.7323013,,,,,,,,,,,,,
18073,68.03871199,,,,,,,,,,,,,
18075,55.65331953,,,,,,,,,,,,,
18077,45.0968299,,,,,,,,,,,,,
18079,60.19631902,,,,,,,,,,,,,
18081,13.89648703,,,,,,,,,,,,,
18083,36.21488033,,,,,,,,,,,,,
18085,46.59763696,,,,,,,,,,,,,
18087,91.61549235,,,,,,,,,,,,,
18089,3.96810516,,,,,,,,,,,,,
18091,35.62758485,,,,,,,,,,,,,
18093,58.44713227,,,,,,,,,,,,,
18095,23.08866875,,,,,,,,,,,,,
18097,0.600181759,,,,,,,,,,,,,
18099,63.3461563,,,,,,,,,,,,,
18101,72.28565899,,,,,,,,,,,,,
18103,46.4867355,,,,,,,,,,,,,
18105,21.24820618,,,,,,,,,,,,,
18107,52.7541706,,,,,,,,,,,,,
18109,49.1378059,,,,,,,,,,,,,
18111,100,,,,,,,,,,,,,
18113,68.04947829,,,,,,,,,,,,,
18115,100,,,,,,,,,,,,,
18117,83.45766129,,,,,,,,,,,,,
18119,100,,,,,,,,,,,,,
18121,74.97548878,,,,,,,,,,,,,
18123,55.04188644,,,,,,,,,,,,,
18125,100,,,,,,,,,,,,,
18127,20.75293745,,,,,,,,,,,,,
18129,66.761868,,,,,,,,,,,,,
18131,80.94314281,,,,,,,,,,,,,
18133,64.80257092,,,,,,,,,,,,,
18135,61.86618777,,,,,,,,,,,,,
18137,83.24311194,,,,,,,,,,,,,
18139,61.16030359,,,,,,,,,,,,,
18141,9.001577187,,,,,,,,,,,,,
18143,52.71494148,,,,,,,,,,,,,
18145,52.0478891,,,,,,,,,,,,,
18147,100,,,,,,,,,,,,,
18149,82.38239952,,,,,,,,,,,,,
18151,67.24879333,,,,,,,,,,,,,
18153,78.96158324,,,,,,,,,,,,,
18155,100,,,,,,,,,,,,,
18157,14.50109966,,,,,,,,,,,,,
18159,61.60266064,,,,,,,,,,,,,
18161,100,,,,,,,,,,,,,
18163,9.167348347,,,,,,,,,,,,,
18165,60.36886257,,,,,,,,,,,,,
18167,23.7584378,,,,,,,,,,,,,
18169,49.98479689,,,,,,,,,,,,,
18171,77.10390221,,,,,,,,,,,,,
18173,29.30690747,,,,,,,,,,,,,
18175,76.84523388,,,,,,,,,,,,,
18177,33.04990061,,,,,,,,,,,,,
18179,50.56086264,,,,,,,,,,,,,
18181,67.96656251,,,,,,,,,,,,,
18183,71.16424366,,,,,,,,,,,,,
19001,100,,,,,,,,,,,,,
19003,100,,,,,,,,,,,,,
19005,73.96371249,,,,,,,,,,,,,
19007,58.25250252,,,,,,,,,,,,,
19009,100,,,,,,,,,,,,,
19011,80.65654241,,,,,,,,,,,,,
19013,13.48081471,,,,,,,,,,,,,
19015,50.63483616,,,,,,,,,,,,,
19017,64.48755973,,,,,,,,,,,,,
19019,68.53707415,,,,,,,,,,,,,
19021,43.90918065,,,,,,,,,,,,,
19023,100,,,,,,,,,,,,,
19025,100,,,,,,,,,,,,,
19027,52.0368947,,,,,,,,,,,,,
19029,53.63284609,,,,,,,,,,,,,
19031,83.42072544,,,,,,,,,,,,,
19033,20.59296505,,,,,,,,,,,,,
19035,61.38170974,,,,,,,,,,,,,
19037,73.53485007,,,,,,,,,,,,,
19039,48.1046737,,,,,,,,,,,,,
19041,34.28931421,,,,,,,,,,,,,
19043,96.59661316,,,,,,,,,,,,,
19045,32.23389527,,,,,,,,,,,,,
19047,51.80159102,,,,,,,,,,,,,
19049,30.58592273,,,,,,,,,,,,,
19051,100,,,,,,,,,,,,,
19053,100,,,,,,,,,,,,,
19055,71.47038955,,,,,,,,,,,,,
19057,26.73527588,,,,,,,,,,,,,
19059,35.04529909,,,,,,,,,,,,,
19061,27.01675333,,,,,,,,,,,,,
19063,39.89516599,,,,,,,,,,,,,
19065,70.57950192,,,,,,,,,,,,,
19067,52.7326259,,,,,,,,,,,,,
19069,60.24344569,,,,,,,,,,,,,
19071,100,,,,,,,,,,,,,
19073,58.16195373,,,,,,,,,,,,,
19075,100,,,,,,,,,,,,,
19077,100,,,,,,,,,,,,,
19079,50.48172016,,,,,,,,,,,,,
19081,70.0202804,,,,,,,,,,,,,
19083,71.08474963,,,,,,,,,,,,,
19085,81.11602358,,,,,,,,,,,,,
19087,57.13080169,,,,,,,,,,,,,
19089,62.99393686,,,,,,,,,,,,,
19091,46.58176261,,,,,,,,,,,,,
19093,100,,,,,,,,,,,,,
19095,82.18281871,,,,,,,,,,,,,
19097,53.26985087,,,,,,,,,,,,,
19099,57.50773574,,,,,,,,,,,,,
19101,38.72825506,,,,,,,,,,,,,
19103,18.53654437,,,,,,,,,,,,,
19105,57.95619731,,,,,,,,,,,,,
19107,100,,,,,,,,,,,,,
19109,65.64369813,,,,,,,,,,,,,
19111,40.61680888,,,,,,,,,,,,,
19113,12.74795716,,,,,,,,,,,,,
19115,100,,,,,,,,,,,,,
19117,56.24859519,,,,,,,,,,,,,
19119,100,,,,,,,,,,,,,
19121,67.83595893,,,,,,,,,,,,,
19123,43.9479916,,,,,,,,,,,,,
19125,48.68954337,,,,,,,,,,,,,
19127,33.92540838,,,,,,,,,,,,,
19129,59.57234876,,,,,,,,,,,,,
19131,67.1956199,,,,,,,,,,,,,
19133,71.1998269,,,,,,,,,,,,,
19135,55.16938519,,,,,,,,,,,,,
19137,47.88640596,,,,,,,,,,,,,
19139,25.55152649,,,,,,,,,,,,,
19141,66.27309349,,,,,,,,,,,,,
19143,58.37202105,,,,,,,,,,,,,
19145,33.35425559,,,,,,,,,,,,,
19147,61.49028766,,,,,,,,,,,,,
19149,62.93924598,,,,,,,,,,,,,
19151,100,,,,,,,,,,,,,
19153,4.908740479,,,,,,,,,,,,,
19155,26.41963116,,,,,,,,,,,,,
19157,51.99323253,,,,,,,,,,,,,
19159,100,,,,,,,,,,,,,
19161,100,,,,,,,,,,,,,
19163,13.51074904,,,,,,,,,,,,,
19165,59.44768636,,,,,,,,,,,,,
19167,50.82482791,,,,,,,,,,,,,
19169,16.93506958,,,,,,,,,,,,,
19171,72.39826645,,,,,,,,,,,,,
19173,100,,,,,,,,,,,,,
19175,39.22929631,,,,,,,,,,,,,
19177,100,,,,,,,,,,,,,
19179,30.46736842,,,,,,,,,,,,,
19181,41.9556517,,,,,,,,,,,,,
19183,69.46185035,,,,,,,,,,,,,
19185,100,,,,,,,,,,,,,
19187,33.91208271,,,,,,,,,,,,,
19189,66.12368857,,,,,,,,,,,,,
19191,58.98081307,,,,,,,,,,,,,
19193,17.45683749,,,,,,,,,,,,,
19195,100,,,,,,,,,,,,,
19197,56.79945574,,,,,,,,,,,,,
20001,57.15354125,,,,,,,,,,,,,
20003,58.82498149,,,,,,,,,,,,,
20005,34.15268258,,,,,,,,,,,,,
20007,100,,,,,,,,,,,,,
20009,31.75543832,,,,,,,,,,,,,
20011,47.9667831,,,,,,,,,,,,,
20013,68.43950321,,,,,,,,,,,,,
20015,40.47358834,,,,,,,,,,,,,
20017,100,,,,,,,,,,,,,
20019,100,,,,,,,,,,,,,
20021,49.06263019,,,,,,,,,,,,,
20023,100,,,,,,,,,,,,,
20025,100,,,,,,,,,,,,,
20027,49.53719977,,,,,,,,,,,,,
20029,43.98405539,,,,,,,,,,,,,
20031,70.89873271,,,,,,,,,,,,,
20033,100,,,,,,,,,,,,,
20035,30.99887087,,,,,,,,,,,,,
20037,34.9287065,,,,,,,,,,,,,
20039,100,,,,,,,,,,,,,
20041,64.29077655,,,,,,,,,,,,,
20043,70.19509125,,,,,,,,,,,,,
20045,11.01275874,,,,,,,,,,,,,
20047,100,,,,,,,,,,,,,
20049,100,,,,,,,,,,,,,
20051,25.55883593,,,,,,,,,,,,,
20053,54.10189318,,,,,,,,,,,,,
20055,18.58277137,,,,,,,,,,,,,
20057,19.29803829,,,,,,,,,,,,,
20059,52.10064635,,,,,,,,,,,,,
20061,11.67277807,,,,,,,,,,,,,
20063,100,,,,,,,,,,,,,
20065,100,,,,,,,,,,,,,
20067,19.79818623,,,,,,,,,,,,,
20069,100,,,,,,,,,,,,,
20071,100,,,,,,,,,,,,,
20073,61.26476304,,,,,,,,,,,,,
20075,100,,,,,,,,,,,,,
20077,100,,,,,,,,,,,,,
20079,30.91915581,,,,,,,,,,,,,
20081,100,,,,,,,,,,,,,
20083,100,,,,,,,,,,,,,
20085,75.89511217,,,,,,,,,,,,,
20087,98.81836244,,,,,,,,,,,,,
20089,100,,,,,,,,,,,,,
20091,3.833665026,,,,,,,,,,,,,
20093,100,,,,,,,,,,,,,
20095,62.10231611,,,,,,,,,,,,,
20097,100,,,,,,,,,,,,,
20099,52.3395196,,,,,,,,,,,,,
20101,100,,,,,,,,,,,,,
20103,29.06319283,,,,,,,,,,,,,
20105,100,,,,,,,,,,,,,
20107,100,,,,,,,,,,,,,
20109,100,,,,,,,,,,,,,
20111,26.29860493,,,,,,,,,,,,,
20113,43.49554489,,,,,,,,,,,,,
20115,77.76461295,,,,,,,,,,,,,
20117,70.96965504,,,,,,,,,,,,,
20119,100,,,,,,,,,,,,,
20121,50.95007167,,,,,,,,,,,,,
20123,48.2975051,,,,,,,,,,,,,
20125,43.42420569,,,,,,,,,,,,,
20127,100,,,,,,,,,,,,,
20129,100,,,,,,,,,,,,,
20131,75.24071527,,,,,,,,,,,,,
20133,45.13687016,,,,,,,,,,,,,
20135,100,,,,,,,,,,,,,
20137,48.98606948,,,,,,,,,,,,,
20139,83.53482663,,,,,,,,,,,,,
20141,100,,,,,,,,,,,,,
20143,100,,,,,,,,,,,,,
20145,31.67933458,,,,,,,,,,,,,
20147,53.75753279,,,,,,,,,,,,,
20149,58.91501574,,,,,,,,,,,,,
20151,32.2079536,,,,,,,,,,,,,
20153,100,,,,,,,,,,,,,
20155,31.29853823,,,,,,,,,,,,,
20157,100,,,,,,,,,,,,,
20159,63.78062085,,,,,,,,,,,,,
20161,13.84518034,,,,,,,,,,,,,
20163,100,,,,,,,,,,,,,
20165,100,,,,,,,,,,,,,
20167,41.06169297,,,,,,,,,,,,,
20169,14.59015214,,,,,,,,,,,,,
20171,26.11426256,,,,,,,,,,,,,
20173,7.658643765,,,,,,,,,,,,,
20175,11.42819798,,,,,,,,,,,,,
20177,15.8244068,,,,,,,,,,,,,
20179,100,,,,,,,,,,,,,
20181,24.24292845,,,,,,,,,,,,,
20183,100,,,,,,,,,,,,,
20185,100,,,,,,,,,,,,,
20187,100,,,,,,,,,,,,,
20189,31.23689727,,,,,,,,,,,,,
20191,62.85430134,,,,,,,,,,,,,
20193,30.84810127,,,,,,,,,,,,,
20195,100,,,,,,,,,,,,,
20197,100,,,,,,,,,,,,,
20199,100,,,,,,,,,,,,,
20201,100,,,,,,,,,,,,,
20203,100,,,,,,,,,,,,,
20205,72.68572643,,,,,,,,,,,,,
20207,100,,,,,,,,,,,,,
20209,6.062664677,,,,,,,,,,,,,
21001,75.4556175,,,,,,,,,,,,,
21003,78.6981359,,,,,,,,,,,,,
21005,41.69739975,,,,,,,,,,,,,
21007,100,,,,,,,,,,,,,
21009,63.27508121,,,,,,,,,,,,,
21011,100,,,,,,,,,,,,,
21013,62.4795232,,,,,,,,,,,,,
21015,13.2723401,,,,,,,,,,,,,
21017,44.74856142,,,,,,,,,,,,,
21019,25.31791207,,,,,,,,,,,,,
21021,34.81992122,,,,,,,,,,,,,
21023,100,,,,,,,,,,,,,
21025,81.50309843,,,,,,,,,,,,,
21027,100,,,,,,,,,,,,,
21029,30.4134878,,,,,,,,,,,,,
21031,100,,,,,,,,,,,,,
21033,54.63647566,,,,,,,,,,,,,
21035,48.71877605,,,,,,,,,,,,,
21037,15.29622742,,,,,,,,,,,,,
21039,100,,,,,,,,,,,,,
21041,52.22458607,,,,,,,,,,,,,
21043,79.37950938,,,,,,,,,,,,,
21045,100,,,,,,,,,,,,,
21047,28.55520249,,,,,,,,,,,,,
21049,27.46749782,,,,,,,,,,,,,
21051,78.5687989,,,,,,,,,,,,,
21053,100,,,,,,,,,,,,,
21055,70.82125604,,,,,,,,,,,,,
21057,100,,,,,,,,,,,,,
21059,27.0164294,,,,,,,,,,,,,
21061,100,,,,,,,,,,,,,
21063,100,,,,,,,,,,,,,
21065,76.12459106,,,,,,,,,,,,,
21067,3.066906015,,,,,,,,,,,,,
21069,80.51993309,,,,,,,,,,,,,
21071,83.87113128,,,,,,,,,,,,,
21073,27.55402252,,,,,,,,,,,,,
21075,64.43563775,,,,,,,,,,,,,
21077,100,,,,,,,,,,,,,
21079,77.89143803,,,,,,,,,,,,,
21081,64.99067391,,,,,,,,,,,,,
21083,69.40815172,,,,,,,,,,,,,
21085,73.580362,,,,,,,,,,,,,
21087,100,,,,,,,,,,,,,
21089,39.28745597,,,,,,,,,,,,,
21091,89.30531232,,,,,,,,,,,,,
21093,34.21259581,,,,,,,,,,,,,
21095,54.15670469,,,,,,,,,,,,,
21097,65.92910963,,,,,,,,,,,,,
21099,87.18610913,,,,,,,,,,,,,
21101,38.19891892,,,,,,,,,,,,,
21103,100,,,,,,,,,,,,,
21105,100,,,,,,,,,,,,,
21107,47.12489344,,,,,,,,,,,,,
21109,100,,,,,,,,,,,,,
21111,1.373101461,,,,,,,,,,,,,
21113,25.89840695,,,,,,,,,,,,,
21115,73.01764001,,,,,,,,,,,,,
21117,6.975957926,,,,,,,,,,,,,
21119,100,,,,,,,,,,,,,
21121,62.9238152,,,,,,,,,,,,,
21123,75.95293455,,,,,,,,,,,,,
21125,56.84208738,,,,,,,,,,,,,
21127,77.10592686,,,,,,,,,,,,,
21129,100,,,,,,,,,,,,,
21131,100,,,,,,,,,,,,,
21133,100,,,,,,,,,,,,,
21135,100,,,,,,,,,,,,,
21137,81.65871797,,,,,,,,,,,,,
21139,95.37766572,,,,,,,,,,,,,
21141,74.980436,,,,,,,,,,,,,
21143,100,,,,,,,,,,,,,
21145,27.8242965,,,,,,,,,,,,,
21147,100,,,,,,,,,,,,,
21149,100,,,,,,,,,,,,,
21151,38.51729461,,,,,,,,,,,,,
21153,100,,,,,,,,,,,,,
21155,71.5136226,,,,,,,,,,,,,
21157,85.85919613,,,,,,,,,,,,,
21159,100,,,,,,,,,,,,,
21161,55.39736993,,,,,,,,,,,,,
21163,85.89958744,,,,,,,,,,,,,
21165,100,,,,,,,,,,,,,
21167,59.14396887,,,,,,,,,,,,,
21169,100,,,,,,,,,,,,,
21171,100,,,,,,,,,,,,,
21173,59.11166459,,,,,,,,,,,,,
21175,100,,,,,,,,,,,,,
21177,68.43391854,,,,,,,,,,,,,
21179,56.94454037,,,,,,,,,,,,,
21181,100,,,,,,,,,,,,,
21183,73.48796242,,,,,,,,,,,,,
21185,20.32793952,,,,,,,,,,,,,
21187,100,,,,,,,,,,,,,
21189,100,,,,,,,,,,,,,
21191,100,,,,,,,,,,,,,
21193,74.07355809,,,,,,,,,,,,,
21195,87.79835138,,,,,,,,,,,,,
21197,67.10536748,,,,,,,,,,,,,
21199,53.94763966,,,,,,,,,,,,,
21201,100,,,,,,,,,,,,,
21203,83.71833959,,,,,,,,,,,,,
21205,68.79098273,,,,,,,,,,,,,
21207,100,,,,,,,,,,,,,
21209,32.46348547,,,,,,,,,,,,,
21211,47.00765318,,,,,,,,,,,,,
21213,45.2184452,,,,,,,,,,,,,
21215,100,,,,,,,,,,,,,
21217,52.19076371,,,,,,,,,,,,,
21219,100,,,,,,,,,,,,,
21221,79.3569984,,,,,,,,,,,,,
21223,94.6986037,,,,,,,,,,,,,
21225,65.28286799,,,,,,,,,,,,,
21227,31.18496907,,,,,,,,,,,,,
21229,100,,,,,,,,,,,,,
21231,67.73170615,,,,,,,,,,,,,
21233,100,,,,,,,,,,,,,
21235,65.15699975,,,,,,,,,,,,,
21237,100,,,,,,,,,,,,,
21239,36.15622118,,,,,,,,,,,,,
22001,51.69896233,,,,,,,,,,,,,
22003,69.42244993,,,,,,,,,,,,,
22005,13.21643427,,,,,,,,,,,,,
22007,44.99380897,,,,,,,,,,,,,
22009,63.78199796,,,,,,,,,,,,,
22011,66.49464296,,,,,,,,,,,,,
22013,79.83696788,,,,,,,,,,,,,
22015,24.34197591,,,,,,,,,,,,,
22017,14.43508819,,,,,,,,,,,,,
22019,20.5002905,,,,,,,,,,,,,
22021,100,,,,,,,,,,,,,
22023,100,,,,,,,,,,,,,
22025,100,,,,,,,,,,,,,
22027,82.35533585,,,,,,,,,,,,,
22029,33.45499952,,,,,,,,,,,,,
22031,77.26215486,,,,,,,,,,,,,
22033,6.875964114,,,,,,,,,,,,,
22035,34.57919835,,,,,,,,,,,,,
22037,100,,,,,,,,,,,,,
22039,61.09345574,,,,,,,,,,,,,
22041,74.18500506,,,,,,,,,,,,,
22043,85.59325833,,,,,,,,,,,,,
22045,28.13626434,,,,,,,,,,,,,
22047,59.21466439,,,,,,,,,,,,,
22049,65.53398058,,,,,,,,,,,,,
22051,1.142521593,,,,,,,,,,,,,
22053,50.69949991,,,,,,,,,,,,,
22055,8.318515376,,,,,,,,,,,,,
22057,24.21665732,,,,,,,,,,,,,
22059,73.19006044,,,,,,,,,,,,,
22061,40.6782925,,,,,,,,,,,,,
22063,41.11664818,,,,,,,,,,,,,
22065,22.44273547,,,,,,,,,,,,,
22067,50.03752815,,,,,,,,,,,,,
22069,50.05054845,,,,,,,,,,,,,
22071,0.591863979,,,,,,,,,,,,,
22073,24.19138694,,,,,,,,,,,,,
22075,19.53823453,,,,,,,,,,,,,
22077,57.81071836,,,,,,,,,,,,,
22079,39.52725035,,,,,,,,,,,,,
22081,100,,,,,,,,,,,,,
22083,66.04583836,,,,,,,,,,,,,
22085,88.19791194,,,,,,,,,,,,,
22087,4.253837368,,,,,,,,,,,,,
22089,11.48920045,,,,,,,,,,,,,
22091,100,,,,,,,,,,,,,
22093,27.70337526,,,,,,,,,,,,,
22095,13.44612839,,,,,,,,,,,,,
22097,48.17231123,,,,,,,,,,,,,
22099,49.57055215,,,,,,,,,,,,,
22101,13.03934126,,,,,,,,,,,,,
22103,23.21810559,,,,,,,,,,,,,
22105,40.92917248,,,,,,,,,,,,,
22107,100,,,,,,,,,,,,,
22109,20.62846415,,,,,,,,,,,,,
22111,82.91008318,,,,,,,,,,,,,
22113,54.62163141,,,,,,,,,,,,,
22115,49.8968166,,,,,,,,,,,,,
22117,66.6744403,,,,,,,,,,,,,
22119,53.04195889,,,,,,,,,,,,,
22121,30.46073651,,,,,,,,,,,,,
22123,100,,,,,,,,,,,,,
22125,100,,,,,,,,,,,,,
22127,64.89257494,,,,,,,,,,,,,
23001,43.36688269,,,,,,,,,,,,,
23003,80.26575762,,,,,,,,,,,,,
23005,36.09846844,,,,,,,,,,,,,
23007,82.99856994,,,,,,,,,,,,,
23009,90.11356536,,,,,,,,,,,,,
23011,62.83043119,,,,,,,,,,,,,
23013,67.93084357,,,,,,,,,,,,,
23015,100,,,,,,,,,,,,,
23017,83.11171822,,,,,,,,,,,,,
23019,57.6502537,,,,,,,,,,,,,
23021,100,,,,,,,,,,,,,
23023,61.67511971,,,,,,,,,,,,,
23025,80.47598989,,,,,,,,,,,,,
23027,91.34223689,,,,,,,,,,,,,
23029,92.37886535,,,,,,,,,,,,,
23031,56.84341884,,,,,,,,,,,,,
24001,27.25238723,,,,,,,,,,,,,
24003,5.304134986,,,,,,,,,,,,,
24005,6.534118436,,,,,,,,,,,,,
24009,38.70989553,,,,,,,,,,,,,
24011,75.99951612,,,,,,,,,,,,,
24013,39.50602511,,,,,,,,,,,,,
24015,42.10250425,,,,,,,,,,,,,
24017,29.50372225,,,,,,,,,,,,,
24019,56.22049175,,,,,,,,,,,,,
24021,25.20770401,,,,,,,,,,,,,
24023,83.89872745,,,,,,,,,,,,,
24025,17.75710096,,,,,,,,,,,,,
24027,9.251615375,,,,,,,,,,,,,
24029,72.58503738,,,,,,,,,,,,,
24031,2.383777348,,,,,,,,,,,,,
24033,1.966713766,,,,,,,,,,,,,
24035,54.48763547,,,,,,,,,,,,,
24037,50.41797035,,,,,,,,,,,,,
24039,45.79146203,,,,,,,,,,,,,
24041,54.65565613,,,,,,,,,,,,,
24043,29.48992742,,,,,,,,,,,,,
24045,25.80596153,,,,,,,,,,,,,
24047,35.52687838,,,,,,,,,,,,,
24510,0,,,,,,,,,,,,,
25001,7.483046765,,,,,,,,,,,,,
25003,31.59374786,,,,,,,,,,,,,
25005,9.834301504,,,,,,,,,,,,,
25007,39.02630783,,,,,,,,,,,,,
25009,4.24404468,,,,,,,,,,,,,
25011,54.43170991,,,,,,,,,,,,,
25013,8.570842952,,,,,,,,,,,,,
25015,27.44369939,,,,,,,,,,,,,
25017,3.027706351,,,,,,,,,,,,,
25019,18.8950059,,,,,,,,,,,,,
25021,1.240488742,,,,,,,,,,,,,
25023,10.30774733,,,,,,,,,,,,,
25025,0.07409059,,,,,,,,,,,,,
25027,18.39028642,,,,,,,,,,,,,
26001,98.92158655,,,,,,,,,,,,,
26003,69.04489116,,,,,,,,,,,,,
26005,64.46754273,,,,,,,,,,,,,
26007,51.8278262,,,,,,,,,,,,,
26009,100,,,,,,,,,,,,,
26011,100,,,,,,,,,,,,,
26013,100,,,,,,,,,,,,,
26015,77.12808206,,,,,,,,,,,,,
26017,30.31149382,,,,,,,,,,,,,
26019,100,,,,,,,,,,,,,
26021,32.85696977,,,,,,,,,,,,,
26023,62.7033239,,,,,,,,,,,,,
26025,30.97703935,,,,,,,,,,,,,
26027,71.18161131,,,,,,,,,,,,,
26029,70.40348376,,,,,,,,,,,,,
26031,82.72789844,,,,,,,,,,,,,
26033,48.93821391,,,,,,,,,,,,,
26035,70.64282481,,,,,,,,,,,,,
26037,52.92642806,,,,,,,,,,,,,
26039,72.58775046,,,,,,,,,,,,,
26041,43.75354069,,,,,,,,,,,,,
26043,32.76520942,,,,,,,,,,,,,
26045,37.97177034,,,,,,,,,,,,,
26047,74.88835872,,,,,,,,,,,,,
26049,16.75520797,,,,,,,,,,,,,
26051,88.58010276,,,,,,,,,,,,,
26053,68.16825957,,,,,,,,,,,,,
26055,48.02381993,,,,,,,,,,,,,
26057,60.15632357,,,,,,,,,,,,,
26059,69.12697053,,,,,,,,,,,,,
26061,37.81533253,,,,,,,,,,,,,
26063,89.46192403,,,,,,,,,,,,,
26065,13.20635825,,,,,,,,,,,,,
26067,60.53829904,,,,,,,,,,,,,
26069,58.9060146,,,,,,,,,,,,,
26071,72.85266988,,,,,,,,,,,,,
26073,46.58872723,,,,,,,,,,,,,
26075,41.82329889,,,,,,,,,,,,,
26077,17.54716755,,,,,,,,,,,,,
26079,84.44586953,,,,,,,,,,,,,
26081,15.67533213,,,,,,,,,,,,,
26083,100,,,,,,,,,,,,,
26085,100,,,,,,,,,,,,,
26087,77.34802251,,,,,,,,,,,,,
26089,91.26128616,,,,,,,,,,,,,
26091,51.82196773,,,,,,,,,,,,,
26093,36.90507109,,,,,,,,,,,,,
26095,51.36480169,,,,,,,,,,,,,
26097,77.22487177,,,,,,,,,,,,,
26099,2.805305252,,,,,,,,,,,,,
26101,61.16120163,,,,,,,,,,,,,
26103,41.48963132,,,,,,,,,,,,,
26105,62.68942693,,,,,,,,,,,,,
26107,66.72508061,,,,,,,,,,,,,
26109,64.33476216,,,,,,,,,,,,,
26111,42.78061438,,,,,,,,,,,,,
26113,100,,,,,,,,,,,,,
26115,37.55599555,,,,,,,,,,,,,
26117,84.61842064,,,,,,,,,,,,,
26119,100,,,,,,,,,,,,,
26121,23.31463284,,,,,,,,,,,,,
26123,83.84028064,,,,,,,,,,,,,
26125,4.786661588,,,,,,,,,,,,,
26127,89.89085435,,,,,,,,,,,,,
26129,100,,,,,,,,,,,,,
26131,100,,,,,,,,,,,,,
26133,100,,,,,,,,,,,,,
26135,100,,,,,,,,,,,,,
26137,65.659659,,,,,,,,,,,,,
26139,20.31569251,,,,,,,,,,,,,
26141,80.86124402,,,,,,,,,,,,,
26143,66.05178126,,,,,,,,,,,,,
26145,31.11820512,,,,,,,,,,,,,
26147,38.64573111,,,,,,,,,,,,,
26149,54.42695163,,,,,,,,,,,,,
26151,90.19807951,,,,,,,,,,,,,
26153,58.96287566,,,,,,,,,,,,,
26155,54.97537085,,,,,,,,,,,,,
26157,84.16084983,,,,,,,,,,,,,
26159,70.85945081,,,,,,,,,,,,,
26161,16.44648497,,,,,,,,,,,,,
26163,0.695575756,,,,,,,,,,,,,
26165,64.28898732,,,,,,,,,,,,,
27001,100,,,,,,,,,,,,,
27003,13.50062265,,,,,,,,,,,,,
27005,75.4707113,,,,,,,,,,,,,
27007,67.08968993,,,,,,,,,,,,,
27009,40.01196328,,,,,,,,,,,,,
27011,100,,,,,,,,,,,,,
27013,26.89297486,,,,,,,,,,,,,
27015,34.93994516,,,,,,,,,,,,,
27017,55.16588481,,,,,,,,,,,,,
27019,18.82757409,,,,,,,,,,,,,
27021,100,,,,,,,,,,,,,
27023,50.34161241,,,,,,,,,,,,,
27025,55.5885464,,,,,,,,,,,,,
27027,27.91911727,,,,,,,,,,,,,
27029,100,,,,,,,,,,,,,
27031,100,,,,,,,,,,,,,
27033,62.2743219,,,,,,,,,,,,,
27035,62.736,,,,,,,,,,,,,
27037,4.930849676,,,,,,,,,,,,,
27039,51.76482302,,,,,,,,,,,,,
27041,52.8367908,,,,,,,,,,,,,
27043,77.61973476,,,,,,,,,,,,,
27045,93.28093549,,,,,,,,,,,,,
27047,42.83154695,,,,,,,,,,,,,
27049,47.04328433,,,,,,,,,,,,,
27051,100,,,,,,,,,,,,,
27053,2.22496041,,,,,,,,,,,,,
27055,57.39212698,,,,,,,,,,,,,
27057,83.36596828,,,,,,,,,,,,,
27059,62.26464988,,,,,,,,,,,,,
27061,79.39322651,,,,,,,,,,,,,
27063,69.13111241,,,,,,,,,,,,,
27065,77.40008621,,,,,,,,,,,,,
27067,44.52520183,,,,,,,,,,,,,
27069,100,,,,,,,,,,,,,
27071,46.99872286,,,,,,,,,,,,,
27073,100,,,,,,,,,,,,,
27075,66.9795693,,,,,,,,,,,,,
27077,100,,,,,,,,,,,,,
27079,62.15933292,,,,,,,,,,,,,
27081,100,,,,,,,,,,,,,
27083,47.92899408,,,,,,,,,,,,,
27085,46.55534638,,,,,,,,,,,,,
27087,100,,,,,,,,,,,,,
27089,100,,,,,,,,,,,,,
27091,54.0403071,,,,,,,,,,,,,
27093,65.5193133,,,,,,,,,,,,,
27095,70.82423267,,,,,,,,,,,,,
27097,72.81763962,,,,,,,,,,,,,
27099,35.90123331,,,,,,,,,,,,,
27101,100,,,,,,,,,,,,,
27103,25.57215755,,,,,,,,,,,,,
27105,40.98606044,,,,,,,,,,,,,
27107,100,,,,,,,,,,,,,
27109,16.59295103,,,,,,,,,,,,,
27111,73.58951538,,,,,,,,,,,,,
27113,36.23115578,,,,,,,,,,,,,
27115,89.30084034,,,,,,,,,,,,,
27117,57.29470613,,,,,,,,,,,,,
27119,48.47468354,,,,,,,,,,,,,
27121,100,,,,,,,,,,,,,
27123,0.187165775,,,,,,,,,,,,,
27125,100,,,,,,,,,,,,,
27127,69.1263466,,,,,,,,,,,,,
27129,100,,,,,,,,,,,,,
27131,25.93464501,,,,,,,,,,,,,
27133,52.30721586,,,,,,,,,,,,,
27135,82.32132574,,,,,,,,,,,,,
27137,37.11456055,,,,,,,,,,,,,
27139,17.23954806,,,,,,,,,,,,,
27141,44.19258975,,,,,,,,,,,,,
27143,100,,,,,,,,,,,,,
27145,36.93325898,,,,,,,,,,,,,
27147,30.57195976,,,,,,,,,,,,,
27149,47.32675303,,,,,,,,,,,,,
27151,67.3821936,,,,,,,,,,,,,
27153,78.38923479,,,,,,,,,,,,,
27155,100,,,,,,,,,,,,,
27157,64.54142831,,,,,,,,,,,,,
27159,66.9869248,,,,,,,,,,,,,
27161,50.16199833,,,,,,,,,,,,,
27163,14.46820304,,,,,,,,,,,,,
27165,59.10266702,,,,,,,,,,,,,
27167,50.13686131,,,,,,,,,,,,,
27169,34.5348905,,,,,,,,,,,,,
27171,32.50761828,,,,,,,,,,,,,
27173,80.82008048,,,,,,,,,,,,,
28001,37.22636777,,,,,,,,,,,,,
28003,66.35183636,,,,,,,,,,,,,
28005,100,,,,,,,,,,,,,
28007,64.30689021,,,,,,,,,,,,,
28009,100,,,,,,,,,,,,,
28011,53.9551911,,,,,,,,,,,,,
28013,100,,,,,,,,,,,,,
28015,100,,,,,,,,,,,,,
28017,85.29783809,,,,,,,,,,,,,
28019,100,,,,,,,,,,,,,
28021,100,,,,,,,,,,,,,
28023,100,,,,,,,,,,,,,
28025,55.54424736,,,,,,,,,,,,,
28027,31.99877634,,,,,,,,,,,,,
28029,65.57777853,,,,,,,,,,,,,
28031,100,,,,,,,,,,,,,
28033,20.42889391,,,,,,,,,,,,,
28035,29.6354125,,,,,,,,,,,,,
28037,100,,,,,,,,,,,,,
28039,88.32491806,,,,,,,,,,,,,
28041,100,,,,,,,,,,,,,
28043,52.15466082,,,,,,,,,,,,,
28045,42.55958478,,,,,,,,,,,,,
28047,22.84492665,,,,,,,,,,,,,
28049,15.27651507,,,,,,,,,,,,,
28051,86.84758829,,,,,,,,,,,,,
28053,49.84533333,,,,,,,,,,,,,
28055,100,,,,,,,,,,,,,
28057,86.25272424,,,,,,,,,,,,,
28059,27.26036028,,,,,,,,,,,,,
28061,100,,,,,,,,,,,,,
28063,100,,,,,,,,,,,,,
28065,100,,,,,,,,,,,,,
28067,61.43651953,,,,,,,,,,,,,
28069,100,,,,,,,,,,,,,
28071,45.58087474,,,,,,,,,,,,,
28073,50.35574401,,,,,,,,,,,,,
28075,48.25506784,,,,,,,,,,,,,
28077,100,,,,,,,,,,,,,
28079,81.18882588,,,,,,,,,,,,,
28081,45.36485346,,,,,,,,,,,,,
28083,17.68109664,,,,,,,,,,,,,
28085,69.50012905,,,,,,,,,,,,,
28087,42.5985714,,,,,,,,,,,,,
28089,27.98126109,,,,,,,,,,,,,
28091,73.07294743,,,,,,,,,,,,,
28093,83.4158949,,,,,,,,,,,,,
28095,69.63421558,,,,,,,,,,,,,
28097,59.83524027,,,,,,,,,,,,,
28099,73.85429303,,,,,,,,,,,,,
28101,87.0626151,,,,,,,,,,,,,
28103,74.03204851,,,,,,,,,,,,,
28105,36.4246607,,,,,,,,,,,,,
28107,78.94084767,,,,,,,,,,,,,
28109,69.92513522,,,,,,,,,,,,,
28111,100,,,,,,,,,,,,,
28113,59.43965944,,,,,,,,,,,,,
28115,83.95366692,,,,,,,,,,,,,
28117,76.06425067,,,,,,,,,,,,,
28119,56.99866229,,,,,,,,,,,,,
28121,33.9069462,,,,,,,,,,,,,
28123,72.1695443,,,,,,,,,,,,,
28125,100,,,,,,,,,,,,,
28127,84.83801767,,,,,,,,,,,,,
28129,100,,,,,,,,,,,,,
28131,78.81479816,,,,,,,,,,,,,
28133,45.762309,,,,,,,,,,,,,
28135,80.94680713,,,,,,,,,,,,,
28137,77.39043135,,,,,,,,,,,,,
28139,83.84310903,,,,,,,,,,,,,
28141,100,,,,,,,,,,,,,
28143,66.02338096,,,,,,,,,,,,,
28145,75.55834009,,,,,,,,,,,,,
28147,100,,,,,,,,,,,,,
28149,40.89352716,,,,,,,,,,,,,
28151,17.52351526,,,,,,,,,,,,,
28153,79.64042994,,,,,,,,,,,,,
28155,100,,,,,,,,,,,,,
28157,100,,,,,,,,,,,,,
28159,75.91415772,,,,,,,,,,,,,
28161,79.3185045,,,,,,,,,,,,,
28163,44.60716195,,,,,,,,,,,,,
29001,37.85293084,,,,,,,,,,,,,
29003,61.28043491,,,,,,,,,,,,,
29005,100,,,,,,,,,,,,,
29007,41.19628658,,,,,,,,,,,,,
29009,73.26460095,,,,,,,,,,,,,
29011,63.95742622,,,,,,,,,,,,,
29013,77.27139422,,,,,,,,,,,,,
29015,86.53967254,,,,,,,,,,,,,
29017,100,,,,,,,,,,,,,
29019,18.78604542,,,,,,,,,,,,,
29021,13.3720474,,,,,,,,,,,,,
29023,52.18254896,,,,,,,,,,,,,
29025,100,,,,,,,,,,,,,
29027,62.0274294,,,,,,,,,,,,,
29029,74.22844416,,,,,,,,,,,,,
29031,30.50321114,,,,,,,,,,,,,
29033,64.54007531,,,,,,,,,,,,,
29035,100,,,,,,,,,,,,,
29037,32.40213917,,,,,,,,,,,,,
29039,75.29681018,,,,,,,,,,,,,
29041,100,,,,,,,,,,,,,
29043,44.7960528,,,,,,,,,,,,,
29045,100,,,,,,,,,,,,,
29047,9.815760186,,,,,,,,,,,,,
29049,76.20884154,,,,,,,,,,,,,
29051,29.07487827,,,,,,,,,,,,,
29053,53.20152264,,,,,,,,,,,,,
29055,73.30741821,,,,,,,,,,,,,
29057,100,,,,,,,,,,,,,
29059,81.93359957,,,,,,,,,,,,,
29061,100,,,,,,,,,,,,,
29063,62.40304065,,,,,,,,,,,,,
29065,68.5699687,,,,,,,,,,,,,
29067,79.12160187,,,,,,,,,,,,,
29069,50.4553563,,,,,,,,,,,,,
29071,55.59847082,,,,,,,,,,,,,
29073,80.86979372,,,,,,,,,,,,,
29075,100,,,,,,,,,,,,,
29077,13.99768874,,,,,,,,,,,,,
29079,45.46340513,,,,,,,,,,,,,
29081,70.39187228,,,,,,,,,,,,,
29083,49.5465158,,,,,,,,,,,,,
29085,100,,,,,,,,,,,,,
29087,100,,,,,,,,,,,,,
29089,64.05757098,,,,,,,,,,,,,
29091,72.17326733,,,,,,,,,,,,,
29093,74.85418627,,,,,,,,,,,,,
29095,3.836934369,,,,,,,,,,,,,
29097,23.69169705,,,,,,,,,,,,,
29099,30.19617525,,,,,,,,,,,,,
29101,50.44395855,,,,,,,,,,,,,
29103,100,,,,,,,,,,,,,
29105,60.51277726,,,,,,,,,,,,,
29107,56.94856355,,,,,,,,,,,,,
29109,58.68664907,,,,,,,,,,,,,
29111,100,,,,,,,,,,,,,
29113,74.82973785,,,,,,,,,,,,,
29115,66.45247238,,,,,,,,,,,,,
29117,36.6041461,,,,,,,,,,,,,
29119,99.99133561,,,,,,,,,,,,,
29121,67.7887704,,,,,,,,,,,,,
29123,65.50793391,,,,,,,,,,,,,
29125,100,,,,,,,,,,,,,
29127,24.7663389,,,,,,,,,,,,,
29129,100,,,,,,,,,,,,,
29131,79.78018426,,,,,,,,,,,,,
29133,32.69954033,,,,,,,,,,,,,
29135,52.70071122,,,,,,,,,,,,,
29137,100,,,,,,,,,,,,,
29139,78.51422033,,,,,,,,,,,,,
29141,100,,,,,,,,,,,,,
29143,56.86326229,,,,,,,,,,,,,
29145,64.43714079,,,,,,,,,,,,,
29147,43.43175011,,,,,,,,,,,,,
29149,80.53487731,,,,,,,,,,,,,
29151,100,,,,,,,,,,,,,
29153,100,,,,,,,,,,,,,
29155,49.26759948,,,,,,,,,,,,,
29157,55.62173844,,,,,,,,,,,,,
29159,37.77872562,,,,,,,,,,,,,
29161,46.22420055,,,,,,,,,,,,,
29163,54.37999568,,,,,,,,,,,,,
29165,15.80797564,,,,,,,,,,,,,
29167,68.86983332,,,,,,,,,,,,,
29169,44.03144967,,,,,,,,,,,,,
29171,100,,,,,,,,,,,,,
29173,96.10504574,,,,,,,,,,,,,
29175,45.17588731,,,,,,,,,,,,,
29177,75.2192049,,,,,,,,,,,,,
29179,100,,,,,,,,,,,,,
29181,100,,,,,,,,,,,,,
29183,5.830478383,,,,,,,,,,,,,
29185,100,,,,,,,,,,,,,
29186,76.14218793,,,,,,,,,,,,,
29187,39.76346027,,,,,,,,,,,,,
29189,1.137990338,,,,,,,,,,,,,
29195,45.80658964,,,,,,,,,,,,,
29197,100,,,,,,,,,,,,,
29199,100,,,,,,,,,,,,,
29201,41.55290756,,,,,,,,,,,,,
29203,100,,,,,,,,,,,,,
29205,100,,,,,,,,,,,,,
29207,69.79111052,,,,,,,,,,,,,
29209,88.68703807,,,,,,,,,,,,,
29211,100,,,,,,,,,,,,,
29213,43.86066763,,,,,,,,,,,,,
29215,99.21178099,,,,,,,,,,,,,
29217,58.25889692,,,,,,,,,,,,,
29219,63.03939962,,,,,,,,,,,,,
29221,80.47628498,,,,,,,,,,,,,
29223,100,,,,,,,,,,,,,
29225,73.92961715,,,,,,,,,,,,,
29227,100,,,,,,,,,,,,,
29229,76.62503322,,,,,,,,,,,,,
29510,0.000313191,,,,,,,,,,,,,
30001,50.15141683,,,,,,,,,,,,,
30003,71.90827827,,,,,,,,,,,,,
30005,100,,,,,,,,,,,,,
30007,100,,,,,,,,,,,,,
30009,100,,,,,,,,,,,,,
30011,100,,,,,,,,,,,,,
30013,19.82121559,,,,,,,,,,,,,
30015,100,,,,,,,,,,,,,
30017,17.90751346,,,,,,,,,,,,,
30019,100,,,,,,,,,,,,,
30021,27.57082311,,,,,,,,,,,,,
30023,33.64164336,,,,,,,,,,,,,
30025,100,,,,,,,,,,,,,
30027,47.43656137,,,,,,,,,,,,,
30029,51.48469118,,,,,,,,,,,,,
30031,33.54261392,,,,,,,,,,,,,
30033,100,,,,,,,,,,,,,
30035,44.01074707,,,,,,,,,,,,,
30037,100,,,,,,,,,,,,,
30039,100,,,,,,,,,,,,,
30041,40.00372763,,,,,,,,,,,,,
30043,100,,,,,,,,,,,,,
30045,100,,,,,,,,,,,,,
30047,83.43073819,,,,,,,,,,,,,
30049,28.92972632,,,,,,,,,,,,,
30051,100,,,,,,,,,,,,,
30053,79.79377254,,,,,,,,,,,,,
30055,100,,,,,,,,,,,,,
30057,100,,,,,,,,,,,,,
30059,100,,,,,,,,,,,,,
30061,100,,,,,,,,,,,,,
30063,22.32682824,,,,,,,,,,,,,
30065,100,,,,,,,,,,,,,
30067,47.73599386,,,,,,,,,,,,,
30069,100,,,,,,,,,,,,,
30071,100,,,,,,,,,,,,,
30073,58.10173899,,,,,,,,,,,,,
30075,100,,,,,,,,,,,,,
30077,54.21943931,,,,,,,,,,,,,
30079,100,,,,,,,,,,,,,
30081,84.62647966,,,,,,,,,,,,,
30083,44.20274985,,,,,,,,,,,,,
30085,39.73141487,,,,,,,,,,,,,
30087,100,,,,,,,,,,,,,
30089,100,,,,,,,,,,,,,
30091,100,,,,,,,,,,,,,
30093,11.44152047,,,,,,,,,,,,,
30095,100,,,,,,,,,,,,,
30097,100,,,,,,,,,,,,,
30099,100,,,,,,,,,,,,,
30101,42.95642374,,,,,,,,,,,,,
30103,100,,,,,,,,,,,,,
30105,55.20423395,,,,,,,,,,,,,
30107,100,,,,,,,,,,,,,
30109,100,,,,,,,,,,,,,
30111,16.68829238,,,,,,,,,,,,,
31001,22.48437699,,,,,,,,,,,,,
31003,100,,,,,,,,,,,,,
31005,100,,,,,,,,,,,,,
31007,100,,,,,,,,,,,,,
31009,100,,,,,,,,,,,,,
31011,100,,,,,,,,,,,,,
31013,24.95578352,,,,,,,,,,,,,
31015,100,,,,,,,,,,,,,
31017,100,,,,,,,,,,,,,
31019,32.26107327,,,,,,,,,,,,,
31021,100,,,,,,,,,,,,,
31023,65.70577725,,,,,,,,,,,,,
31025,72.95669744,,,,,,,,,,,,,
31027,100,,,,,,,,,,,,,
31029,100,,,,,,,,,,,,,
31031,52.51181516,,,,,,,,,,,,,
31033,36.25725145,,,,,,,,,,,,,
31035,100,,,,,,,,,,,,,
31037,40.51355207,,,,,,,,,,,,,
31039,65.20407047,,,,,,,,,,,,,
31041,67.66614864,,,,,,,,,,,,,
31043,21.08921261,,,,,,,,,,,,,
31045,39.93683293,,,,,,,,,,,,,
31047,26.65460824,,,,,,,,,,,,,
31049,100,,,,,,,,,,,,,
31051,100,,,,,,,,,,,,,
31053,25.12877817,,,,,,,,,,,,,
31055,2.170524647,,,,,,,,,,,,,
31057,100,,,,,,,,,,,,,
31059,100,,,,,,,,,,,,,
31061,100,,,,,,,,,,,,,
31063,100,,,,,,,,,,,,,
31065,100,,,,,,,,,,,,,
31067,44.3996235,,,,,,,,,,,,,
31069,100,,,,,,,,,,,,,
31071,100,,,,,,,,,,,,,
31073,100,,,,,,,,,,,,,
31075,100,,,,,,,,,,,,,
31077,100,,,,,,,,,,,,,
31079,14.62453291,,,,,,,,,,,,,
31081,51.0521701,,,,,,,,,,,,,
31083,100,,,,,,,,,,,,,
31085,100,,,,,,,,,,,,,
31087,100,,,,,,,,,,,,,
31089,64.71490177,,,,,,,,,,,,,
31091,100,,,,,,,,,,,,,
31093,100,,,,,,,,,,,,,
31095,48.16483371,,,,,,,,,,,,,
31097,100,,,,,,,,,,,,,
31099,54.55386038,,,,,,,,,,,,,
31101,47.13193117,,,,,,,,,,,,,
31103,100,,,,,,,,,,,,,
31105,100,,,,,,,,,,,,,
31107,100,,,,,,,,,,,,,
31109,8.253126237,,,,,,,,,,,,,
31111,30.51973104,,,,,,,,,,,,,
31113,100,,,,,,,,,,,,,
31115,100,,,,,,,,,,,,,
31117,100,,,,,,,,,,,,,
31119,27.90457621,,,,,,,,,,,,,
31121,58.89101338,,,,,,,,,,,,,
31123,100,,,,,,,,,,,,,
31125,100,,,,,,,,,,,,,
31127,52.06953642,,,,,,,,,,,,,
31129,100,,,,,,,,,,,,,
31131,55.10800508,,,,,,,,,,,,,
31133,100,,,,,,,,,,,,,
31135,100,,,,,,,,,,,,,
31137,41.88071397,,,,,,,,,,,,,
31139,100,,,,,,,,,,,,,
31141,31.42662158,,,,,,,,,,,,,
31143,100,,,,,,,,,,,,,
31145,31.58751696,,,,,,,,,,,,,
31147,50.57993543,,,,,,,,,,,,,
31149,100,,,,,,,,,,,,,
31151,51.07042254,,,,,,,,,,,,,
31153,5.273860489,,,,,,,,,,,,,
31155,66.48700674,,,,,,,,,,,,,
31157,29.81877198,,,,,,,,,,,,,
31159,60.38208955,,,,,,,,,,,,,
31161,100,,,,,,,,,,,,,
31163,100,,,,,,,,,,,,,
31165,100,,,,,,,,,,,,,
31167,73.48670256,,,,,,,,,,,,,
31169,100,,,,,,,,,,,,,
31171,100,,,,,,,,,,,,,
31173,100,,,,,,,,,,,,,
31175,100,,,,,,,,,,,,,
31177,61.23356726,,,,,,,,,,,,,
31179,42.08441897,,,,,,,,,,,,,
31181,100,,,,,,,,,,,,,
31183,100,,,,,,,,,,,,,
31185,44.14196853,,,,,,,,,,,,,
32001,34.7147968,,,,,,,,,,,,,
32003,1.306073125,,,,,,,,,,,,,
32005,31.55307786,,,,,,,,,,,,,
32007,37.85079274,,,,,,,,,,,,,
32009,100,,,,,,,,,,,,,
32011,100,,,,,,,,,,,,,
32013,37.87512101,,,,,,,,,,,,,
32015,39.04761905,,,,,,,,,,,,,
32017,100,,,,,,,,,,,,,
32019,36.93728357,,,,,,,,,,,,,
32021,31.91533948,,,,,,,,,,,,,
32023,35.27055932,,,,,,,,,,,,,
32027,100,,,,,,,,,,,,,
32029,92.64339152,,,,,,,,,,,,,
32031,4.266896373,,,,,,,,,,,,,
32033,53.33000997,,,,,,,,,,,,,
32510,4.839526721,,,,,,,,,,,,,
33001,66.2794568,,,,,,,,,,,,,
33003,90.20243423,,,,,,,,,,,,,
33005,65.01549593,,,,,,,,,,,,,
33007,66.2411133,,,,,,,,,,,,,
33009,68.71563545,,,,,,,,,,,,,
33011,21.19130268,,,,,,,,,,,,,
33013,54.61299464,,,,,,,,,,,,,
33015,24.89812786,,,,,,,,,,,,,
33017,32.40135452,,,,,,,,,,,,,
33019,64.16258973,,,,,,,,,,,,,
34001,12.71357754,,,,,,,,,,,,,
34003,0.101533947,,,,,,,,,,,,,
34005,6.663264465,,,,,,,,,,,,,
34007,1.617393403,,,,,,,,,,,,,
34009,17.45437722,,,,,,,,,,,,,
34011,23.02706217,,,,,,,,,,,,,
34013,0.014541391,,,,,,,,,,,,,
34015,8.345820846,,,,,,,,,,,,,
34017,0,,,,,,,,,,,,,
34019,49.9,,,,,,,,,,,,,
34021,3.473093322,,,,,,,,,,,,,
34023,0.674315744,,,,,,,,,,,,,
34025,3.729496494,,,,,,,,,,,,,
34027,6.769373278,,,,,,,,,,,,,
34029,2.898362202,,,,,,,,,,,,,
34031,2.410090458,,,,,,,,,,,,,
34033,45.30060681,,,,,,,,,,,,,
34035,5.792656534,,,,,,,,,,,,,
34037,39.84993133,,,,,,,,,,,,,
34039,0,,,,,,,,,,,,,
34041,37.56486218,,,,,,,,,,,,,
35001,4.195519225,,,,,,,,,,,,,
35003,100,,,,,,,,,,,,,
35005,24.24860995,,,,,,,,,,,,,
35006,55.34487194,,,,,,,,,,,,,
35007,52.35636364,,,,,,,,,,,,,
35009,14.06895981,,,,,,,,,,,,,
35011,100,,,,,,,,,,,,,
35013,19.29045609,,,,,,,,,,,,,
35015,20.8549295,,,,,,,,,,,,,
35017,42.35278173,,,,,,,,,,,,,
35019,44.07936847,,,,,,,,,,,,,
35021,100,,,,,,,,,,,,,
35023,100,,,,,,,,,,,,,
35025,21.03140884,,,,,,,,,,,,,
35027,53.18339269,,,,,,,,,,,,,
35028,11.24233983,,,,,,,,,,,,,
35029,40.61366806,,,,,,,,,,,,,
35031,57.37844794,,,,,,,,,,,,,
35033,100,,,,,,,,,,,,,
35035,29.59294033,,,,,,,,,,,,,
35037,41.56619843,,,,,,,,,,,,,
35039,49.7639517,,,,,,,,,,,,,
35041,36.46074776,,,,,,,,,,,,,
35043,17.05824674,,,,,,,,,,,,,
35045,33.66399065,,,,,,,,,,,,,
35047,46.89551934,,,,,,,,,,,,,
35049,25.16057432,,,,,,,,,,,,,
35051,33.95061728,,,,,,,,,,,,,
35053,49.67536102,,,,,,,,,,,,,
35055,58.44794608,,,,,,,,,,,,,
35057,98.78532625,,,,,,,,,,,,,
35059,100,,,,,,,,,,,,,
35061,16.73131424,,,,,,,,,,,,,
36001,9.696124969,,,,,,,,,,,,,
36003,78.73983574,,,,,,,,,,,,,
36005,0.002815665,,,,,,,,,,,,,
36007,26.05682951,,,,,,,,,,,,,
36009,61.75280451,,,,,,,,,,,,,
36011,55.78187089,,,,,,,,,,,,,
36013,43.86271821,,,,,,,,,,,,,
36015,24.17876843,,,,,,,,,,,,,
36017,83.41224716,,,,,,,,,,,,,
36019,64.15595169,,,,,,,,,,,,,
36021,73.29783188,,,,,,,,,,,,,
36023,44.27395816,,,,,,,,,,,,,
36025,78.36390163,,,,,,,,,,,,,
36027,25.39934384,,,,,,,,,,,,,
36029,9.403834436,,,,,,,,,,,,,
36031,74.85648971,,,,,,,,,,,,,
36033,62.67563325,,,,,,,,,,,,,
36035,50.37366516,,,,,,,,,,,,,
36037,59.8861499,,,,,,,,,,,,,
36039,73.14154528,,,,,,,,,,,,,
36041,100,,,,,,,,,,,,,
36043,51.80954448,,,,,,,,,,,,,
36045,48.04910995,,,,,,,,,,,,,
36047,0.001477223,,,,,,,,,,,,,
36049,86.84978034,,,,,,,,,,,,,
36051,54.65263866,,,,,,,,,,,,,
36053,58.94583481,,,,,,,,,,,,,
36055,6.449974743,,,,,,,,,,,,,
36057,40.93868854,,,,,,,,,,,,,
36059,0.192231317,,,,,,,,,,,,,
36061,0,,,,,,,,,,,,,
36063,22.4406266,,,,,,,,,,,,,
36065,32.98393208,,,,,,,,,,,,,
36067,12.58752189,,,,,,,,,,,,,
36069,47.46828993,,,,,,,,,,,,,
36071,22.34069091,,,,,,,,,,,,,
36073,60.87960264,,,,,,,,,,,,,
36075,61.75466182,,,,,,,,,,,,,
36077,70.56650444,,,,,,,,,,,,,
36079,20.54959382,,,,,,,,,,,,,
36081,0,,,,,,,,,,,,,
36083,30.51201475,,,,,,,,,,,,,
36085,0,,,,,,,,,,,,,
36087,0.717386352,,,,,,,,,,,,,
36089,61.99171014,,,,,,,,,,,,,
36091,29.96170432,,,,,,,,,,,,,
36093,8.156301098,,,,,,,,,,,,,
36095,82.84527772,,,,,,,,,,,,,
36097,81.15357357,,,,,,,,,,,,,
36099,58.65649201,,,,,,,,,,,,,
36101,60.37074452,,,,,,,,,,,,,
36103,2.601131684,,,,,,,,,,,,,
36105,74.16534489,,,,,,,,,,,,,
36107,65.65867971,,,,,,,,,,,,,
36109,43.3431137,,,,,,,,,,,,,
36111,46.04012209,,,,,,,,,,,,,
36113,33.92941391,,,,,,,,,,,,,
36115,67.89894963,,,,,,,,,,,,,
36117,60.69722305,,,,,,,,,,,,,
36119,3.273477447,,,,,,,,,,,,,
36121,64.08255248,,,,,,,,,,,,,
36123,71.22455421,,,,,,,,,,,,,
37001,28.55800597,,,,,,,,,,,,,
37003,72.77810635,,,,,,,,,,,,,
37005,100,,,,,,,,,,,,,
37007,78.5104646,,,,,,,,,,,,,
37009,84.86492431,,,,,,,,,,,,,
37011,88.78462662,,,,,,,,,,,,,
37013,65.60020101,,,,,,,,,,,,,
37015,83.24405601,,,,,,,,,,,,,
37017,91.23330492,,,,,,,,,,,,,
37019,42.96059797,,,,,,,,,,,,,
37021,24.07959113,,,,,,,,,,,,,
37023,42.65223513,,,,,,,,,,,,,
37025,19.25330457,,,,,,,,,,,,,
37027,34.42773007,,,,,,,,,,,,,
37029,99.5490982,,,,,,,,,,,,,
37031,32.60316839,,,,,,,,,,,,,
37033,99.1947384,,,,,,,,,,,,,
37035,30.29515801,,,,,,,,,,,,,
37037,65.92236832,,,,,,,,,,,,,
37039,100,,,,,,,,,,,,,
37041,67.61982019,,,,,,,,,,,,,
37043,100,,,,,,,,,,,,,
37045,55.79028936,,,,,,,,,,,,,
37047,80.59485697,,,,,,,,,,,,,
37049,27.70880634,,,,,,,,,,,,,
37051,13.36814523,,,,,,,,,,,,,
37053,98.31401028,,,,,,,,,,,,,
37055,28.95931604,,,,,,,,,,,,,
37057,47.38454549,,,,,,,,,,,,,
37059,70.2885548,,,,,,,,,,,,,
37061,86.46440475,,,,,,,,,,,,,
37063,5.577944543,,,,,,,,,,,,,
37065,45.30697411,,,,,,,,,,,,,
37067,7.346508113,,,,,,,,,,,,,
37069,85.31813458,,,,,,,,,,,,,
37071,19.64762284,,,,,,,,,,,,,
37073,100,,,,,,,,,,,,,
37075,100,,,,,,,,,,,,,
37077,57.02167602,,,,,,,,,,,,,
37079,100,,,,,,,,,,,,,
37081,12.69435674,,,,,,,,,,,,,
37083,54.70552742,,,,,,,,,,,,,
37085,55.92092642,,,,,,,,,,,,,
37087,55.44074802,,,,,,,,,,,,,
37089,33.27056399,,,,,,,,,,,,,
37091,68.63675058,,,,,,,,,,,,,
37093,43.15045152,,,,,,,,,,,,,
37095,100,,,,,,,,,,,,,
37097,37.91215339,,,,,,,,,,,,,
37099,73.08981649,,,,,,,,,,,,,
37101,52.03697344,,,,,,,,,,,,,
37103,100,,,,,,,,,,,,,
37105,42.76431756,,,,,,,,,,,,,
37107,45.00546264,,,,,,,,,,,,,
37109,54.55312081,,,,,,,,,,,,,
37111,70.3018046,,,,,,,,,,,,,
37113,80.01002299,,,,,,,,,,,,,
37115,90.61837796,,,,,,,,,,,,,
37117,78.12283208,,,,,,,,,,,,,
37119,1.065430805,,,,,,,,,,,,,
37121,82.64330188,,,,,,,,,,,,,
37123,76.83646305,,,,,,,,,,,,,
37125,50.65781273,,,,,,,,,,,,,
37127,47.56260434,,,,,,,,,,,,,
37129,2.214963462,,,,,,,,,,,,,
37131,89.36603466,,,,,,,,,,,,,
37133,26.34891884,,,,,,,,,,,,,
37135,28.53192428,,,,,,,,,,,,,
37137,100,,,,,,,,,,,,,
37139,41.31969209,,,,,,,,,,,,,
37141,68.75538618,,,,,,,,,,,,,
37143,100,,,,,,,,,,,,,
37145,75.52199473,,,,,,,,,,,,,
37147,25.43592549,,,,,,,,,,,,,
37149,92.27206241,,,,,,,,,,,,,
37151,56.2425927,,,,,,,,,,,,,
37153,45.53056455,,,,,,,,,,,,,
37155,62.6132908,,,,,,,,,,,,,
37157,61.94483304,,,,,,,,,,,,,
37159,38.82234808,,,,,,,,,,,,,
37161,61.04114437,,,,,,,,,,,,,
37163,84.96318835,,,,,,,,,,,,,
37165,48.39173604,,,,,,,,,,,,,
37167,67.71313031,,,,,,,,,,,,,
37169,75.69671526,,,,,,,,,,,,,
37171,68.80539682,,,,,,,,,,,,,
37173,100,,,,,,,,,,,,,
37175,59.63735267,,,,,,,,,,,,,
37177,100,,,,,,,,,,,,,
37179,27.28921169,,,,,,,,,,,,,
37181,54.07952094,,,,,,,,,,,,,
37183,6.101379256,,,,,,,,,,,,,
37185,100,,,,,,,,,,,,,
37187,67.75778651,,,,,,,,,,,,,
37189,55.43569764,,,,,,,,,,,,,
37191,46.40401882,,,,,,,,,,,,,
37193,72.79059706,,,,,,,,,,,,,
37195,38.66115173,,,,,,,,,,,,,
37197,84.67687341,,,,,,,,,,,,,
37199,100,,,,,,,,,,,,,
38001,100,,,,,,,,,,,,,
38003,39.55358757,,,,,,,,,,,,,
38005,100,,,,,,,,,,,,,
38007,100,,,,,,,,,,,,,
38009,100,,,,,,,,,,,,,
38011,100,,,,,,,,,,,,,
38013,100,,,,,,,,,,,,,
38015,18.54799036,,,,,,,,,,,,,
38017,10.4347768,,,,,,,,,,,,,
38019,100,,,,,,,,,,,,,
38021,100,,,,,,,,,,,,,
38023,100,,,,,,,,,,,,,
38025,100,,,,,,,,,,,,,
38027,100,,,,,,,,,,,,,
38029,100,,,,,,,,,,,,,
38031,100,,,,,,,,,,,,,
38033,100,,,,,,,,,,,,,
38035,16.76911802,,,,,,,,,,,,,
38037,100,,,,,,,,,,,,,
38039,100,,,,,,,,,,,,,
38041,100,,,,,,,,,,,,,
38043,100,,,,,,,,,,,,,
38045,100,,,,,,,,,,,,,
38047,100,,,,,,,,,,,,,
38049,100,,,,,,,,,,,,,
38051,100,,,,,,,,,,,,,
38053,100,,,,,,,,,,,,,
38055,100,,,,,,,,,,,,,
38057,64.99287749,,,,,,,,,,,,,
38059,31.85541116,,,,,,,,,,,,,
38061,100,,,,,,,,,,,,,
38063,100,,,,,,,,,,,,,
38065,100,,,,,,,,,,,,,
38067,100,,,,,,,,,,,,,
38069,35.18476016,,,,,,,,,,,,,
38071,34.99257707,,,,,,,,,,,,,
38073,100,,,,,,,,,,,,,
38075,100,,,,,,,,,,,,,
38077,52.00049017,,,,,,,,,,,,,
38079,100,,,,,,,,,,,,,
38081,100,,,,,,,,,,,,,
38083,100,,,,,,,,,,,,,
38085,100,,,,,,,,,,,,,
38087,100,,,,,,,,,,,,,
38089,27.32757552,,,,,,,,,,,,,
38091,100,,,,,,,,,,,,,
38093,27.56398104,,,,,,,,,,,,,
38095,100,,,,,,,,,,,,,
38097,100,,,,,,,,,,,,,
38099,62.05594028,,,,,,,,,,,,,
38101,21.89541954,,,,,,,,,,,,,
38103,100,,,,,,,,,,,,,
38105,32.46271989,,,,,,,,,,,,,
39001,89.0262697,,,,,,,,,,,,,
39003,25.89085027,,,,,,,,,,,,,
39005,61.93755998,,,,,,,,,,,,,
39007,46.36885819,,,,,,,,,,,,,
39009,43.17062248,,,,,,,,,,,,,
39011,39.13686914,,,,,,,,,,,,,
39013,54.66477273,,,,,,,,,,,,,
39015,76.55978237,,,,,,,,,,,,,
39017,9.342895173,,,,,,,,,,,,,
39019,70.95297545,,,,,,,,,,,,,
39021,70.82325361,,,,,,,,,,,,,
39023,23.60535809,,,,,,,,,,,,,
39025,22.71651728,,,,,,,,,,,,,
39027,54.63843958,,,,,,,,,,,,,
39029,43.86457841,,,,,,,,,,,,,
39031,61.46987887,,,,,,,,,,,,,
39033,35.26402339,,,,,,,,,,,,,
39035,0.581745518,,,,,,,,,,,,,
39037,66.3022338,,,,,,,,,,,,,
39039,43.85070574,,,,,,,,,,,,,
39041,19.31015877,,,,,,,,,,,,,
39043,26.47802904,,,,,,,,,,,,,
39045,34.71222529,,,,,,,,,,,,,
39047,47.75060282,,,,,,,,,,,,,
39049,1.354032185,,,,,,,,,,,,,
39051,56.15953909,,,,,,,,,,,,,
39053,81.35061744,,,,,,,,,,,,,
39055,63.95460871,,,,,,,,,,,,,
39057,14.90966931,,,,,,,,,,,,,
39059,61.41891386,,,,,,,,,,,,,
39061,2.231876905,,,,,,,,,,,,,
39063,31.11042764,,,,,,,,,,,,,
39065,55.37775282,,,,,,,,,,,,,
39067,84.10867373,,,,,,,,,,,,,
39069,69.08027645,,,,,,,,,,,,,
39071,73.00236298,,,,,,,,,,,,,
39073,70.84070796,,,,,,,,,,,,,
39075,92.99438229,,,,,,,,,,,,,
39077,50.30355885,,,,,,,,,,,,,
39079,64.58088789,,,,,,,,,,,,,
39081,38.98205397,,,,,,,,,,,,,
39083,55.70000492,,,,,,,,,,,,,
39085,6.529469557,,,,,,,,,,,,,
39087,45.91673339,,,,,,,,,,,,,
39089,35.52783317,,,,,,,,,,,,,
39091,56.91482402,,,,,,,,,,,,,
39093,11.73794449,,,,,,,,,,,,,
39095,4.660095289,,,,,,,,,,,,,
39097,48.48624381,,,,,,,,,,,,,
39099,15.15850651,,,,,,,,,,,,,
39101,30.25067292,,,,,,,,,,,,,
39103,29.79423438,,,,,,,,,,,,,
39105,81.29575095,,,,,,,,,,,,,
39107,61.35884745,,,,,,,,,,,,,
39109,30.79819718,,,,,,,,,,,,,
39111,97.65059418,,,,,,,,,,,,,
39113,4.331284698,,,,,,,,,,,,,
39115,81.48664807,,,,,,,,,,,,,
39117,88.83911907,,,,,,,,,,,,,
39119,47.03278574,,,,,,,,,,,,,
39121,62.52645954,,,,,,,,,,,,,
39123,49.44723375,,,,,,,,,,,,,
39125,81.90068319,,,,,,,,,,,,,
39127,75.2426646,,,,,,,,,,,,,
39129,49.86534525,,,,,,,,,,,,,
39131,74.23804382,,,,,,,,,,,,,
39133,32.8133615,,,,,,,,,,,,,
39135,69.22403596,,,,,,,,,,,,,
39137,84.66042494,,,,,,,,,,,,,
39139,32.05462944,,,,,,,,,,,,,
39141,58.67109039,,,,,,,,,,,,,
39143,44.14380415,,,,,,,,,,,,,
39145,54.27741229,,,,,,,,,,,,,
39147,47.50903163,,,,,,,,,,,,,
39149,51.11183052,,,,,,,,,,,,,
39151,13.53005703,,,,,,,,,,,,,
39153,3.87665865,,,,,,,,,,,,,
39155,27.27393762,,,,,,,,,,,,,
39157,41.5804368,,,,,,,,,,,,,
39159,49.95219885,,,,,,,,,,,,,
39161,50.72710827,,,,,,,,,,,,,
39163,100,,,,,,,,,,,,,
39165,17.26620058,,,,,,,,,,,,,
39167,56.56220661,,,,,,,,,,,,,
39169,51.00069857,,,,,,,,,,,,,
39171,63.62839382,,,,,,,,,,,,,
39173,29.54625143,,,,,,,,,,,,,
39175,57.41764316,,,,,,,,,,,,,
40001,83.29586034,,,,,,,,,,,,,
40003,100,,,,,,,,,,,,,
40005,100,,,,,,,,,,,,,
40007,100,,,,,,,,,,,,,
40009,32.65518333,,,,,,,,,,,,,
40011,57.43113121,,,,,,,,,,,,,
40013,61.33062995,,,,,,,,,,,,,
40015,79.96959459,,,,,,,,,,,,,
40017,22.50802745,,,,,,,,,,,,,
40019,56.07796959,,,,,,,,,,,,,
40021,60.04852406,,,,,,,,,,,,,
40023,66.93193029,,,,,,,,,,,,,
40025,100,,,,,,,,,,,,,
40027,16.88373639,,,,,,,,,,,,,
40029,100,,,,,,,,,,,,,
40031,21.79003691,,,,,,,,,,,,,
40033,59.53495882,,,,,,,,,,,,,
40035,60.06387651,,,,,,,,,,,,,
40037,53.94400217,,,,,,,,,,,,,
40039,30.32509374,,,,,,,,,,,,,
40041,81.1169764,,,,,,,,,,,,,
40043,100,,,,,,,,,,,,,
40045,100,,,,,,,,,,,,,
40047,21.41135688,,,,,,,,,,,,,
40049,68.70104439,,,,,,,,,,,,,
40051,63.88586905,,,,,,,,,,,,,
40053,100,,,,,,,,,,,,,
40055,52.6526687,,,,,,,,,,,,,
40057,100,,,,,,,,,,,,,
40059,100,,,,,,,,,,,,,
40061,77.73513979,,,,,,,,,,,,,
40063,58.80882668,,,,,,,,,,,,,
40065,24.75232549,,,,,,,,,,,,,
40067,100,,,,,,,,,,,,,
40069,100,,,,,,,,,,,,,
40071,24.47489369,,,,,,,,,,,,,
40073,72.43581216,,,,,,,,,,,,,
40075,61.65572729,,,,,,,,,,,,,
40077,73.29209252,,,,,,,,,,,,,
40079,72.89615751,,,,,,,,,,,,,
40081,92.11040761,,,,,,,,,,,,,
40083,55.37421143,,,,,,,,,,,,,
40085,100,,,,,,,,,,,,,
40087,77.16628992,,,,,,,,,,,,,
40089,69.25281289,,,,,,,,,,,,,
40091,87.30001975,,,,,,,,,,,,,
40093,100,,,,,,,,,,,,,
40095,72.10227273,,,,,,,,,,,,,
40097,77.39887055,,,,,,,,,,,,,
40099,45.69988138,,,,,,,,,,,,,
40101,41.11705874,,,,,,,,,,,,,
40103,56.30135801,,,,,,,,,,,,,
40105,57.93470008,,,,,,,,,,,,,
40107,74.14486096,,,,,,,,,,,,,
40109,6.275386741,,,,,,,,,,,,,
40111,48.5512491,,,,,,,,,,,,,
40113,59.47295248,,,,,,,,,,,,,
40115,49.30921879,,,,,,,,,,,,,
40117,81.13048199,,,,,,,,,,,,,
40119,33.73367809,,,,,,,,,,,,,
40121,51.91657395,,,,,,,,,,,,,
40123,53.59009922,,,,,,,,,,,,,
40125,50.67106362,,,,,,,,,,,,,
40127,100,,,,,,,,,,,,,
40129,100,,,,,,,,,,,,,
40131,50.29514988,,,,,,,,,,,,,
40133,64.67310258,,,,,,,,,,,,,
40135,66.62499115,,,,,,,,,,,,,
40137,43.32489789,,,,,,,,,,,,,
40139,45.06782946,,,,,,,,,,,,,
40141,51.21371371,,,,,,,,,,,,,
40143,4.779392877,,,,,,,,,,,,,
40145,37.46870083,,,,,,,,,,,,,
40147,23.88182674,,,,,,,,,,,,,
40149,75.26872474,,,,,,,,,,,,,
40151,36.69745438,,,,,,,,,,,,,
40153,43.5087894,,,,,,,,,,,,,
41001,41.00656998,,,,,,,,,,,,,
41003,18.7639491,,,,,,,,,,,,,
41005,18.07857614,,,,,,,,,,,,,
41007,38.97243446,,,,,,,,,,,,,
41009,43.61208486,,,,,,,,,,,,,
41011,38.35318751,,,,,,,,,,,,,
41013,48.01697016,,,,,,,,,,,,,
41015,38.73189054,,,,,,,,,,,,,
41017,27.64354954,,,,,,,,,,,,,
41019,41.17789109,,,,,,,,,,,,,
41021,100,,,,,,,,,,,,,
41023,100,,,,,,,,,,,,,
41025,44.34114794,,,,,,,,,,,,,
41027,52.17488589,,,,,,,,,,,,,
41029,20.0525575,,,,,,,,,,,,,
41031,63.12154696,,,,,,,,,,,,,
41033,44.96391136,,,,,,,,,,,,,
41035,37.58059657,,,,,,,,,,,,,
41037,63.33122229,,,,,,,,,,,,,
41039,17.52299447,,,,,,,,,,,,,
41041,37.58960768,,,,,,,,,,,,,
41043,31.63826796,,,,,,,,,,,,,
41045,48.41759014,,,,,,,,,,,,,
41047,13.09369401,,,,,,,,,,,,,
41049,45.86950685,,,,,,,,,,,,,
41051,1.342247197,,,,,,,,,,,,,
41053,19.92626288,,,,,,,,,,,,,
41055,100,,,,,,,,,,,,,
41057,69.6039604,,,,,,,,,,,,,
41059,29.06613607,,,,,,,,,,,,,
41061,42.09647351,,,,,,,,,,,,,
41063,100,,,,,,,,,,,,,
41065,33.06627533,,,,,,,,,,,,,
41067,5.590039833,,,,,,,,,,,,,
41069,100,,,,,,,,,,,,,
41071,22.60340951,,,,,,,,,,,,,
42001,53.67578175,,,,,,,,,,,,,
42003,2.486291717,,,,,,,,,,,,,
42005,67.48669152,,,,,,,,,,,,,
42007,25.82752332,,,,,,,,,,,,,
42009,83.79486355,,,,,,,,,,,,,
42011,23.73603084,,,,,,,,,,,,,
42013,23.43082407,,,,,,,,,,,,,
42015,72.17431574,,,,,,,,,,,,,
42017,8.829602286,,,,,,,,,,,,,
42019,41.96408176,,,,,,,,,,,,,
42021,32.00606908,,,,,,,,,,,,,
42023,47.35496559,,,,,,,,,,,,,
42025,47.16240862,,,,,,,,,,,,,
42027,32.21767647,,,,,,,,,,,,,
42029,13.27003678,,,,,,,,,,,,,
42031,76.56046814,,,,,,,,,,,,,
42033,53.85171303,,,,,,,,,,,,,
42035,45.69040216,,,,,,,,,,,,,
42037,40.85147485,,,,,,,,,,,,,
42039,63.70078297,,,,,,,,,,,,,
42041,22.17785443,,,,,,,,,,,,,
42043,13.3233868,,,,,,,,,,,,,
42045,0.464091522,,,,,,,,,,,,,
42047,55.6752019,,,,,,,,,,,,,
42049,20.01953195,,,,,,,,,,,,,
42051,47.89760333,,,,,,,,,,,,,
42053,100,,,,,,,,,,,,,
42055,40.35209667,,,,,,,,,,,,,
42057,100,,,,,,,,,,,,,
42059,66.83296283,,,,,,,,,,,,,
42061,68.66247032,,,,,,,,,,,,,
42063,60.06975698,,,,,,,,,,,,,
42065,61.45609805,,,,,,,,,,,,,
42067,82.2536126,,,,,,,,,,,,,
42069,16.30548833,,,,,,,,,,,,,
42071,21.25711095,,,,,,,,,,,,,
42073,40.31808403,,,,,,,,,,,,,
42075,26.55576186,,,,,,,,,,,,,
42077,7.925676043,,,,,,,,,,,,,
42079,19.98485594,,,,,,,,,,,,,
42081,36.27649404,,,,,,,,,,,,,
42083,63.53739931,,,,,,,,,,,,,
42085,44.48893157,,,,,,,,,,,,,
42087,50.46698942,,,,,,,,,,,,,
42089,38.35388184,,,,,,,,,,,,,
42091,2.933686386,,,,,,,,,,,,,
42093,53.7690918,,,,,,,,,,,,,
42095,12.76840143,,,,,,,,,,,,,
42097,34.86057041,,,,,,,,,,,,,
42099,88.49877091,,,,,,,,,,,,,
42101,0,,,,,,,,,,,,,
42103,70.7612125,,,,,,,,,,,,,
42105,100,,,,,,,,,,,,,
42107,36.46123448,,,,,,,,,,,,,
42109,66.82031132,,,,,,,,,,,,,
42111,70.80214041,,,,,,,,,,,,,
42113,100,,,,,,,,,,,,,
42115,84.02989206,,,,,,,,,,,,,
42117,90.10981158,,,,,,,,,,,,,
42119,42.81487085,,,,,,,,,,,,,
42121,54.755929,,,,,,,,,,,,,
42123,55.04244888,,,,,,,,,,,,,
42125,30.82475219,,,,,,,,,,,,,
42127,88.09397599,,,,,,,,,,,,,
42129,25.36359877,,,,,,,,,,,,,
42131,83.45593436,,,,,,,,,,,,,
42133,24.72044178,,,,,,,,,,,,,
44001,1.142857143,,,,,,,,,,,,,
44003,7.986374415,,,,,,,,,,,,,
44005,12.09222083,,,,,,,,,,,,,
44007,5.508826857,,,,,,,,,,,,,
44009,30.82320699,,,,,,,,,,,,,
45001,78.57733013,,,,,,,,,,,,,
45003,36.99898188,,,,,,,,,,,,,
45005,68.25990978,,,,,,,,,,,,,
45007,37.92578263,,,,,,,,,,,,,
45009,54.50678676,,,,,,,,,,,,,
45011,82.54276999,,,,,,,,,,,,,
45013,19.64643445,,,,,,,,,,,,,
45015,28.95362764,,,,,,,,,,,,,
45017,100,,,,,,,,,,,,,
45019,10.8809311,,,,,,,,,,,,,
45021,60.91189356,,,,,,,,,,,,,
45023,71.78334339,,,,,,,,,,,,,
45025,73.76642273,,,,,,,,,,,,,
45027,85.70815819,,,,,,,,,,,,,
45029,75.56824026,,,,,,,,,,,,,
45031,57.76415603,,,,,,,,,,,,,
45033,69.50595721,,,,,,,,,,,,,
45035,19.4829922,,,,,,,,,,,,,
45037,73.31109876,,,,,,,,,,,,,
45039,78.31440975,,,,,,,,,,,,,
45041,38.5184644,,,,,,,,,,,,,
45043,41.51733768,,,,,,,,,,,,,
45045,12.60568453,,,,,,,,,,,,,
45047,39.75251575,,,,,,,,,,,,,
45049,78.47321005,,,,,,,,,,,,,
45051,30.37569024,,,,,,,,,,,,,
45053,66.67070267,,,,,,,,,,,,,
45055,57.79737543,,,,,,,,,,,,,
45057,49.95433909,,,,,,,,,,,,,
45059,64.19435803,,,,,,,,,,,,,
45061,71.95109261,,,,,,,,,,,,,
45063,25.27601938,,,,,,,,,,,,,
45065,100,,,,,,,,,,,,,
45067,60.75252556,,,,,,,,,,,,,
45069,55.04786922,,,,,,,,,,,,,
45071,67.84952543,,,,,,,,,,,,,
45073,64.92130384,,,,,,,,,,,,,
45075,63.77768889,,,,,,,,,,,,,
45077,35.79229014,,,,,,,,,,,,,
45079,9.070386784,,,,,,,,,,,,,
45081,80.52830189,,,,,,,,,,,,,
45083,27.43231788,,,,,,,,,,,,,
45085,31.96564175,,,,,,,,,,,,,
45087,65.35685922,,,,,,,,,,,,,
45089,81.93649595,,,,,,,,,,,,,
45091,22.95497472,,,,,,,,,,,,,
46003,100,,,,,,,,,,,,,
46005,27.36521439,,,,,,,,,,,,,
46007,100,,,,,,,,,,,,,
46009,100,,,,,,,,,,,,,
46011,29.66682309,,,,,,,,,,,,,
46013,28.89053133,,,,,,,,,,,,,
46015,100,,,,,,,,,,,,,
46017,100,,,,,,,,,,,,,
46019,48.17012859,,,,,,,,,,,,,
46021,100,,,,,,,,,,,,,
46023,100,,,,,,,,,,,,,
46025,100,,,,,,,,,,,,,
46027,24.321985,,,,,,,,,,,,,
46029,22.46299629,,,,,,,,,,,,,
46031,100,,,,,,,,,,,,,
46033,100,,,,,,,,,,,,,
46035,23.32342084,,,,,,,,,,,,,
46037,100,,,,,,,,,,,,,
46039,100,,,,,,,,,,,,,
46041,64.08224863,,,,,,,,,,,,,
46043,100,,,,,,,,,,,,,
46045,100,,,,,,,,,,,,,
46047,49.95771074,,,,,,,,,,,,,
46049,100,,,,,,,,,,,,,
46051,55.36976618,,,,,,,,,,,,,
46053,100,,,,,,,,,,,,,
46055,100,,,,,,,,,,,,,
46057,100,,,,,,,,,,,,,
46059,100,,,,,,,,,,,,,
46061,100,,,,,,,,,,,,,
46063,100,,,,,,,,,,,,,
46065,25.27317589,,,,,,,,,,,,,
46067,100,,,,,,,,,,,,,
46069,100,,,,,,,,,,,,,
46071,100,,,,,,,,,,,,,
46073,100,,,,,,,,,,,,,
46075,100,,,,,,,,,,,,,
46077,100,,,,,,,,,,,,,
46079,44.875,,,,,,,,,,,,,
46081,36.88425945,,,,,,,,,,,,,
46083,29.2651914,,,,,,,,,,,,,
46085,100,,,,,,,,,,,,,
46087,100,,,,,,,,,,,,,
46089,100,,,,,,,,,,,,,
46091,100,,,,,,,,,,,,,
46093,37.96354494,,,,,,,,,,,,,
46095,100,,,,,,,,,,,,,
46097,100,,,,,,,,,,,,,
46099,13.6362027,,,,,,,,,,,,,
46101,100,,,,,,,,,,,,,
46102,79.97939055,,,,,,,,,,,,,
46103,20.8040659,,,,,,,,,,,,,
46105,100,,,,,,,,,,,,,
46107,100,,,,,,,,,,,,,
46109,100,,,,,,,,,,,,,
46111,100,,,,,,,,,,,,,
46115,100,,,,,,,,,,,,,
46117,42.51517195,,,,,,,,,,,,,
46119,100,,,,,,,,,,,,,
46121,100,,,,,,,,,,,,,
46123,48.4939759,,,,,,,,,,,,,
46125,100,,,,,,,,,,,,,
46127,61.3931523,,,,,,,,,,,,,
46129,36.42883413,,,,,,,,,,,,,
46135,34.76691327,,,,,,,,,,,,,
46137,73.54516244,,,,,,,,,,,,,
47001,34.66171518,,,,,,,,,,,,,
47003,55.60166896,,,,,,,,,,,,,
47005,78.45836618,,,,,,,,,,,,,
47007,100,,,,,,,,,,,,,
47009,32.63149337,,,,,,,,,,,,,
47011,32.9719188,,,,,,,,,,,,,
47013,55.02259554,,,,,,,,,,,,,
47015,81.13180204,,,,,,,,,,,,,
47017,83.05869154,,,,,,,,,,,,,
47019,40.96544999,,,,,,,,,,,,,
47021,82.96125815,,,,,,,,,,,,,
47023,65.24429397,,,,,,,,,,,,,
47025,71.55496228,,,,,,,,,,,,,
47027,100,,,,,,,,,,,,,
47029,67.53126577,,,,,,,,,,,,,
47031,47.28956739,,,,,,,,,,,,,
47033,67.37967914,,,,,,,,,,,,,
47035,60.89236972,,,,,,,,,,,,,
47037,3.411943237,,,,,,,,,,,,,
47039,100,,,,,,,,,,,,,
47041,78.36885115,,,,,,,,,,,,,
47043,67.75258728,,,,,,,,,,,,,
47045,42.86422329,,,,,,,,,,,,,
47047,79.04355296,,,,,,,,,,,,,
47049,100,,,,,,,,,,,,,
47051,69.61658384,,,,,,,,,,,,,
47053,47.71450999,,,,,,,,,,,,,
47055,73.74597253,,,,,,,,,,,,,
47057,100,,,,,,,,,,,,,
47059,65.1944618,,,,,,,,,,,,,
47061,100,,,,,,,,,,,,,
47063,21.87260169,,,,,,,,,,,,,
47065,10.02220155,,,,,,,,,,,,,
47067,100,,,,,,,,,,,,,
47069,80.20768356,,,,,,,,,,,,,
47071,67.92822562,,,,,,,,,,,,,
47073,57.86074992,,,,,,,,,,,,,
47075,47.41576622,,,,,,,,,,,,,
47077,76.37653499,,,,,,,,,,,,,
47079,66.84812867,,,,,,,,,,,,,
47081,100,,,,,,,,,,,,,
47083,100,,,,,,,,,,,,,
47085,82.4900205,,,,,,,,,,,,,
47087,100,,,,,,,,,,,,,
47089,59.48800747,,,,,,,,,,,,,
47091,85.21157641,,,,,,,,,,,,,
47093,10.92136984,,,,,,,,,,,,,
47095,100,,,,,,,,,,,,,
47097,58.66259213,,,,,,,,,,,,,
47099,75.87714061,,,,,,,,,,,,,
47101,70.19159609,,,,,,,,,,,,,
47103,72.48883427,,,,,,,,,,,,,
47105,40.61290057,,,,,,,,,,,,,
47107,60.34133088,,,,,,,,,,,,,
47109,85.27325024,,,,,,,,,,,,,
47111,79.57119741,,,,,,,,,,,,,
47113,25.82660183,,,,,,,,,,,,,
47115,77.01597195,,,,,,,,,,,,,
47117,65.82290884,,,,,,,,,,,,,
47119,41.59296408,,,,,,,,,,,,,
47121,100,,,,,,,,,,,,,
47123,76.07538354,,,,,,,,,,,,,
47125,19.74224022,,,,,,,,,,,,,
47127,99.87425338,,,,,,,,,,,,,
47129,99.88629645,,,,,,,,,,,,,
47131,61.58392807,,,,,,,,,,,,,
47133,84.21862972,,,,,,,,,,,,,
47135,100,,,,,,,,,,,,,
47137,100,,,,,,,,,,,,,
47139,100,,,,,,,,,,,,,
47141,34.97600973,,,,,,,,,,,,,
47143,68.01534157,,,,,,,,,,,,,
47145,50.99204518,,,,,,,,,,,,,
47147,53.2398956,,,,,,,,,,,,,
47149,17.02144674,,,,,,,,,,,,,
47151,80.55605543,,,,,,,,,,,,,
47153,73.80243764,,,,,,,,,,,,,
47155,56.6476432,,,,,,,,,,,,,
47157,2.75978716,,,,,,,,,,,,,
47159,82.87592612,,,,,,,,,,,,,
47161,100,,,,,,,,,,,,,
47163,25.56130159,,,,,,,,,,,,,
47165,27.88259828,,,,,,,,,,,,,
47167,55.12516167,,,,,,,,,,,,,
47169,100,,,,,,,,,,,,,
47171,44.66772238,,,,,,,,,,,,,
47173,100,,,,,,,,,,,,,
47175,100,,,,,,,,,,,,,
47177,61.3795527,,,,,,,,,,,,,
47179,26.42158417,,,,,,,,,,,,,
47181,100,,,,,,,,,,,,,
47183,67.00551098,,,,,,,,,,,,,
47185,78.17421926,,,,,,,,,,,,,
47187,19.38618423,,,,,,,,,,,,,
47189,38.46727431,,,,,,,,,,,,,
48001,67.06353279,,,,,,,,,,,,,
48003,16.50209658,,,,,,,,,,,,,
48005,43.08236623,,,,,,,,,,,,,
48007,27.26055791,,,,,,,,,,,,,
48009,88.98829247,,,,,,,,,,,,,
48011,100,,,,,,,,,,,,,
48013,60.71118434,,,,,,,,,,,,,
48015,66.34408981,,,,,,,,,,,,,
48017,28.7508723,,,,,,,,,,,,,
48019,100,,,,,,,,,,,,,
48021,63.85244907,,,,,,,,,,,,,
48023,100,,,,,,,,,,,,,
48025,42.97730768,,,,,,,,,,,,,
48027,15.18622979,,,,,,,,,,,,,
48029,4.539084765,,,,,,,,,,,,,
48031,100,,,,,,,,,,,,,
48033,100,,,,,,,,,,,,,
48035,81.21568197,,,,,,,,,,,,,
48037,35.4248366,,,,,,,,,,,,,
48039,22.52862699,,,,,,,,,,,,,
48041,12.06357678,,,,,,,,,,,,,
48043,34.86785095,,,,,,,,,,,,,
48045,100,,,,,,,,,,,,,
48047,31.75965665,,,,,,,,,,,,,
48049,40.40046187,,,,,,,,,,,,,
48051,76.65677547,,,,,,,,,,,,,
48053,55.67251462,,,,,,,,,,,,,
48055,42.29233437,,,,,,,,,,,,,
48057,44.73130349,,,,,,,,,,,,,
48059,72.17956291,,,,,,,,,,,,,
48061,8.42080646,,,,,,,,,,,,,
48063,61.47891299,,,,,,,,,,,,,
48065,95.19572954,,,,,,,,,,,,,
48067,74.01194853,,,,,,,,,,,,,
48069,45.75787646,,,,,,,,,,,,,
48071,45.72031001,,,,,,,,,,,,,
48073,63.04848068,,,,,,,,,,,,,
48075,33.14870047,,,,,,,,,,,,,
48077,74.6000744,,,,,,,,,,,,,
48079,100,,,,,,,,,,,,,
48081,100,,,,,,,,,,,,,
48083,51.54581225,,,,,,,,,,,,,
48085,5.242726637,,,,,,,,,,,,,
48087,100,,,,,,,,,,,,,
48089,62.61377791,,,,,,,,,,,,,
48091,46.14554908,,,,,,,,,,,,,
48093,71.46128524,,,,,,,,,,,,,
48095,100,,,,,,,,,,,,,
48097,59.03426386,,,,,,,,,,,,,
48099,19.42351568,,,,,,,,,,,,,
48101,100,,,,,,,,,,,,,
48103,10.69714286,,,,,,,,,,,,,
48105,22.74805055,,,,,,,,,,,,,
48107,100,,,,,,,,,,,,,
48109,100,,,,,,,,,,,,,
48111,23.54169775,,,,,,,,,,,,,
48113,0.688304192,,,,,,,,,,,,,
48115,16.29436854,,,,,,,,,,,,,
48117,17.71112947,,,,,,,,,,,,,
48119,100,,,,,,,,,,,,,
48121,6.905830544,,,,,,,,,,,,,
48123,49.62432204,,,,,,,,,,,,,
48125,100,,,,,,,,,,,,,
48127,39.47579032,,,,,,,,,,,,,
48129,100,,,,,,,,,,,,,
48131,67.04294687,,,,,,,,,,,,,
48133,60.34547705,,,,,,,,,,,,,
48135,9.455261431,,,,,,,,,,,,,
48137,100,,,,,,,,,,,,,
48139,31.97513535,,,,,,,,,,,,,
48141,2.174366481,,,,,,,,,,,,,
48143,46.32092901,,,,,,,,,,,,,
48145,67.35699093,,,,,,,,,,,,,
48147,70.52926434,,,,,,,,,,,,,
48149,67.13773723,,,,,,,,,,,,,
48151,100,,,,,,,,,,,,,
48153,53.3198883,,,,,,,,,,,,,
48155,100,,,,,,,,,,,,,
48157,5.53576767,,,,,,,,,,,,,
48159,69.12776992,,,,,,,,,,,,,
48161,66.47658458,,,,,,,,,,,,,
48163,22.18156473,,,,,,,,,,,,,
48165,63.04347826,,,,,,,,,,,,,
48167,6.149827159,,,,,,,,,,,,,
48169,22.33400402,,,,,,,,,,,,,
48171,53.65382293,,,,,,,,,,,,,
48173,100,,,,,,,,,,,,,
48175,100,,,,,,,,,,,,,
48177,65.27995153,,,,,,,,,,,,,
48179,19.38761926,,,,,,,,,,,,,
48181,43.15047528,,,,,,,,,,,,,
48183,13.36235932,,,,,,,,,,,,,
48185,68.90317246,,,,,,,,,,,,,
48187,26.16225586,,,,,,,,,,,,,
48189,23.09982632,,,,,,,,,,,,,
48191,100,,,,,,,,,,,,,
48193,64.3771281,,,,,,,,,,,,,
48195,40.33493675,,,,,,,,,,,,,
48197,100,,,,,,,,,,,,,
48199,51.54754278,,,,,,,,,,,,,
48201,1.213280329,,,,,,,,,,,,,
48203,56.05430361,,,,,,,,,,,,,
48205,57.25833058,,,,,,,,,,,,,
48207,47.61824038,,,,,,,,,,,,,
48209,31.71214523,,,,,,,,,,,,,
48211,26.95035461,,,,,,,,,,,,,
48213,60.11052819,,,,,,,,,,,,,
48215,5.138666422,,,,,,,,,,,,,
48217,76.26606629,,,,,,,,,,,,,
48219,39.84739481,,,,,,,,,,,,,
48221,32.84553163,,,,,,,,,,,,,
48223,59.62572168,,,,,,,,,,,,,
48225,73.48727457,,,,,,,,,,,,,
48227,20.0645493,,,,,,,,,,,,,
48229,100,,,,,,,,,,,,,
48231,56.63133207,,,,,,,,,,,,,
48233,22.56433409,,,,,,,,,,,,,
48235,100,,,,,,,,,,,,,
48237,53.21760283,,,,,,,,,,,,,
48239,61.81882771,,,,,,,,,,,,,
48241,78.18538225,,,,,,,,,,,,,
48243,100,,,,,,,,,,,,,
48245,8.402008935,,,,,,,,,,,,,
48247,17.39622642,,,,,,,,,,,,,
48249,40.08521475,,,,,,,,,,,,,
48251,37.87417017,,,,,,,,,,,,,
48253,85.14998515,,,,,,,,,,,,,
48255,38.39044792,,,,,,,,,,,,,
48257,48.81761006,,,,,,,,,,,,,
48259,58.15923376,,,,,,,,,,,,,
48261,100,,,,,,,,,,,,,
48263,100,,,,,,,,,,,,,
48265,41.102267,,,,,,,,,,,,,
48267,44.3021489,,,,,,,,,,,,,
48269,100,,,,,,,,,,,,,
48271,20.45580878,,,,,,,,,,,,,
48273,18.87027853,,,,,,,,,,,,,
48275,100,,,,,,,,,,,,,
48277,47.0829233,,,,,,,,,,,,,
48279,57.68762968,,,,,,,,,,,,,
48281,68.26752046,,,,,,,,,,,,,
48283,46.35492303,,,,,,,,,,,,,
48285,81.31651352,,,,,,,,,,,,,
48287,69.72068384,,,,,,,,,,,,,
48289,100,,,,,,,,,,,,,
48291,63.22726492,,,,,,,,,,,,,
48293,53.61785836,,,,,,,,,,,,,
48295,100,,,,,,,,,,,,,
48297,100,,,,,,,,,,,,,
48299,45.17900627,,,,,,,,,,,,,
48301,100,,,,,,,,,,,,,
48303,11.33554017,,,,,,,,,,,,,
48305,56.72020287,,,,,,,,,,,,,
48307,35.32536521,,,,,,,,,,,,,
48309,23.35189395,,,,,,,,,,,,,
48311,100,,,,,,,,,,,,,
48313,67.40339578,,,,,,,,,,,,,
48315,100,,,,,,,,,,,,,
48317,100,,,,,,,,,,,,,
48319,100,,,,,,,,,,,,,
48321,36.41763392,,,,,,,,,,,,,
48323,9.25577795,,,,,,,,,,,,,
48325,61.55501456,,,,,,,,,,,,,
48327,100,,,,,,,,,,,,,
48329,12.29177626,,,,,,,,,,,,,
48331,56.18208991,,,,,,,,,,,,,
48333,100,,,,,,,,,,,,,
48335,36.74359247,,,,,,,,,,,,,
48337,58.94315128,,,,,,,,,,,,,
48339,22.72559715,,,,,,,,,,,,,
48341,16.8142805,,,,,,,,,,,,,
48343,78.4212154,,,,,,,,,,,,,
48345,100,,,,,,,,,,,,,
48347,46.46023185,,,,,,,,,,,,,
48349,52.65737928,,,,,,,,,,,,,
48351,100,,,,,,,,,,,,,
48353,32.6564143,,,,,,,,,,,,,
48355,6.447241956,,,,,,,,,,,,,
48357,13.90981121,,,,,,,,,,,,,
48359,100,,,,,,,,,,,,,
48361,35.17113286,,,,,,,,,,,,,
48363,50.21521824,,,,,,,,,,,,,
48365,72.71810388,,,,,,,,,,,,,
48367,56.08456558,,,,,,,,,,,,,
48369,60.01558087,,,,,,,,,,,,,
48371,39.77558522,,,,,,,,,,,,,
48373,77.63856165,,,,,,,,,,,,,
48375,8.996225418,,,,,,,,,,,,,
48377,40.47070862,,,,,,,,,,,,,
48379,93.22888034,,,,,,,,,,,,,
48381,14.37564713,,,,,,,,,,,,,
48383,13.30561331,,,,,,,,,,,,,
48385,100,,,,,,,,,,,,,
48387,75.73094868,,,,,,,,,,,,,
48389,14.49611841,,,,,,,,,,,,,
48391,60.6799404,,,,,,,,,,,,,
48393,100,,,,,,,,,,,,,
48395,73.85392853,,,,,,,,,,,,,
48397,16.03584513,,,,,,,,,,,,,
48399,40.75802305,,,,,,,,,,,,,
48401,65.87286705,,,,,,,,,,,,,
48403,100,,,,,,,,,,,,,
48405,100,,,,,,,,,,,,,
48407,100,,,,,,,,,,,,,
48409,19.6500216,,,,,,,,,,,,,
48411,49.35573316,,,,,,,,,,,,,
48413,100,,,,,,,,,,,,,
48415,31.70025412,,,,,,,,,,,,,
48417,100,,,,,,,,,,,,,
48419,79.43256837,,,,,,,,,,,,,
48421,100,,,,,,,,,,,,,
48423,31.60780873,,,,,,,,,,,,,
48425,100,,,,,,,,,,,,,
48427,23.70587849,,,,,,,,,,,,,
48429,39.36656282,,,,,,,,,,,,,
48431,100,,,,,,,,,,,,,
48433,100,,,,,,,,,,,,,
48435,18.79844961,,,,,,,,,,,,,
48437,37.5732111,,,,,,,,,,,,,
48439,1.288201327,,,,,,,,,,,,,
48441,16.03348897,,,,,,,,,,,,,
48443,100,,,,,,,,,,,,,
48445,24.66998656,,,,,,,,,,,,,
48447,100,,,,,,,,,,,,,
48449,50.55668955,,,,,,,,,,,,,
48451,15.64087676,,,,,,,,,,,,,
48453,5.463522171,,,,,,,,,,,,,
48455,77.23688721,,,,,,,,,,,,,
48457,78.13103005,,,,,,,,,,,,,
48459,79.29990587,,,,,,,,,,,,,
48461,100,,,,,,,,,,,,,
48463,31.38420754,,,,,,,,,,,,,
48465,10.15773645,,,,,,,,,,,,,
48467,75.01854352,,,,,,,,,,,,,
48469,26.62657127,,,,,,,,,,,,,
48471,45.58288266,,,,,,,,,,,,,
48473,61.64101377,,,,,,,,,,,,,
48475,27.88515669,,,,,,,,,,,,,
48477,53.49071712,,,,,,,,,,,,,
48479,2.599638839,,,,,,,,,,,,,
48481,49.89583333,,,,,,,,,,,,,
48483,100,,,,,,,,,,,,,
48485,10.66692015,,,,,,,,,,,,,
48487,21.89139269,,,,,,,,,,,,,
48489,34.57576579,,,,,,,,,,,,,
48491,11.98994982,,,,,,,,,,,,,
48493,85.86141013,,,,,,,,,,,,,
48495,18.12939522,,,,,,,,,,,,,
48497,72.10749742,,,,,,,,,,,,,
48499,74.1993137,,,,,,,,,,,,,
48501,37.32707196,,,,,,,,,,,,,
48503,33.56873315,,,,,,,,,,,,,
48505,23.53402768,,,,,,,,,,,,,
48507,38.03202877,,,,,,,,,,,,,
49001,56.52436265,,,,,,,,,,,,,
49003,31.09954977,,,,,,,,,,,,,
49005,15.68757989,,,,,,,,,,,,,
49007,33.71489978,,,,,,,,,,,,,
49009,100,,,,,,,,,,,,,
49011,0.919475723,,,,,,,,,,,,,
49013,68.21088838,,,,,,,,,,,,,
49015,73.64249271,,,,,,,,,,,,,
49017,100,,,,,,,,,,,,,
49019,25.38753388,,,,,,,,,,,,,
49021,22.55485995,,,,,,,,,,,,,
49023,43.47062268,,,,,,,,,,,,,
49025,54.91929825,,,,,,,,,,,,,
49027,73.94225386,,,,,,,,,,,,,
49029,62.84718555,,,,,,,,,,,,,
49031,100,,,,,,,,,,,,,
49033,100,,,,,,,,,,,,,
49035,0.903312274,,,,,,,,,,,,,
49037,77.86518378,,,,,,,,,,,,,
49039,40.92804256,,,,,,,,,,,,,
49041,64.71493126,,,,,,,,,,,,,
49043,39.19997798,,,,,,,,,,,,,
49045,17.70071112,,,,,,,,,,,,,
49047,46.8485332,,,,,,,,,,,,,
49049,3.326983684,,,,,,,,,,,,,
49051,26.85082873,,,,,,,,,,,,,
49053,15.21340912,,,,,,,,,,,,,
49055,100,,,,,,,,,,,,,
49057,5.800999844,,,,,,,,,,,,,
50001,78.43078678,,,,,,,,,,,,,
50003,64.51178451,,,,,,,,,,,,,
50005,74.39075159,,,,,,,,,,,,,
50007,25.98613817,,,,,,,,,,,,,
50009,100,,,,,,,,,,,,,
50011,71.71490806,,,,,,,,,,,,,
50013,100,,,,,,,,,,,,,
50015,100,,,,,,,,,,,,,
50017,97.23873376,,,,,,,,,,,,,
50019,85.29616981,,,,,,,,,,,,,
50021,61.01359463,,,,,,,,,,,,,
50023,52.80511976,,,,,,,,,,,,,
50025,68.24523173,,,,,,,,,,,,,
50027,75.58849479,,,,,,,,,,,,,
51001,100,,,,,,,,,,,,,
51003,45.004545,,,,,,,,,,,,,
51005,52.39384615,,,,,,,,,,,,,
51007,100,,,,,,,,,,,,,
51009,63.66333879,,,,,,,,,,,,,
51011,100,,,,,,,,,,,,,
51013,0,,,,,,,,,,,,,
51015,66.4379661,,,,,,,,,,,,,
51017,100,,,,,,,,,,,,,
51019,78.43205778,,,,,,,,,,,,,
51021,100,,,,,,,,,,,,,
51023,64.09738144,,,,,,,,,,,,,
51025,75.50762877,,,,,,,,,,,,,
51027,100,,,,,,,,,,,,,
51029,100,,,,,,,,,,,,,
51031,61.11374494,,,,,,,,,,,,,
51033,78.40252233,,,,,,,,,,,,,
51035,97.1439984,,,,,,,,,,,,,
51036,100,,,,,,,,,,,,,
51037,100,,,,,,,,,,,,,
51041,5.92880001,,,,,,,,,,,,,
51043,69.52401311,,,,,,,,,,,,,
51045,100,,,,,,,,,,,,,
51047,61.92250851,,,,,,,,,,,,,
51049,96.00079586,,,,,,,,,,,,,
51051,100,,,,,,,,,,,,,
51053,71.20817114,,,,,,,,,,,,,
51057,77.27558067,,,,,,,,,,,,,
51059,1.394010718,,,,,,,,,,,,,
51061,57.49582074,,,,,,,,,,,,,
51063,100,,,,,,,,,,,,,
51065,62.9130824,,,,,,,,,,,,,
51067,89.23057747,,,,,,,,,,,,,
51069,44.77236447,,,,,,,,,,,,,
51071,66.2848548,,,,,,,,,,,,,
51073,64.62640404,,,,,,,,,,,,,
51075,96.99313902,,,,,,,,,,,,,
51077,99.87767978,,,,,,,,,,,,,
51079,51.24164538,,,,,,,,,,,,,
51081,87.01298701,,,,,,,,,,,,,
51083,77.08120637,,,,,,,,,,,,,
51085,39.0855472,,,,,,,,,,,,,
51087,4.268982032,,,,,,,,,,,,,
51089,60.72094698,,,,,,,,,,,,,
51091,100,,,,,,,,,,,,,
51093,57.38588035,,,,,,,,,,,,,
51095,15.85160202,,,,,,,,,,,,,
51097,100,,,,,,,,,,,,,
51099,73.18945047,,,,,,,,,,,,,
51101,83.21305303,,,,,,,,,,,,,
51103,100,,,,,,,,,,,,,
51105,99.56227772,,,,,,,,,,,,,
51107,12.60090102,,,,,,,,,,,,,
51109,100,,,,,,,,,,,,,
51111,100,,,,,,,,,,,,,
51113,100,,,,,,,,,,,,,
51115,100,,,,,,,,,,,,,
51117,77.81037064,,,,,,,,,,,,,
51119,100,,,,,,,,,,,,,
51121,24.92584117,,,,,,,,,,,,,
51125,100,,,,,,,,,,,,,
51127,100,,,,,,,,,,,,,
51131,100,,,,,,,,,,,,,
51133,100,,,,,,,,,,,,,
51135,52.34340503,,,,,,,,,,,,,
51137,57.77903886,,,,,,,,,,,,,
51139,80.15972049,,,,,,,,,,,,,
51141,100,,,,,,,,,,,,,
51143,85.62970428,,,,,,,,,,,,,
51145,99.67553305,,,,,,,,,,,,,
51147,63.21037316,,,,,,,,,,,,,
51149,53.40237929,,,,,,,,,,,,,
51153,4.166148427,,,,,,,,,,,,,
51155,46.90295939,,,,,,,,,,,,,
51157,100,,,,,,,,,,,,,
51159,100,,,,,,,,,,,,,
51161,18.54053001,,,,,,,,,,,,,
51163,91.63939571,,,,,,,,,,,,,
51165,59.33249469,,,,,,,,,,,,,
51167,88.18562481,,,,,,,,,,,,,
51169,82.12452,,,,,,,,,,,,,
51171,66.58490701,,,,,,,,,,,,,
51173,75.28564332,,,,,,,,,,,,,
51175,97.9644588,,,,,,,,,,,,,
51177,32.32758973,,,,,,,,,,,,,
51179,19.75480959,,,,,,,,,,,,,
51181,100,,,,,,,,,,,,,
51183,100,,,,,,,,,,,,,
51185,51.88783886,,,,,,,,,,,,,
51187,50.4085163,,,,,,,,,,,,,
51191,71.67614258,,,,,,,,,,,,,
51193,78.8415263,,,,,,,,,,,,,
51195,56.67036572,,,,,,,,,,,,,
51197,75.33093894,,,,,,,,,,,,,
51199,6.125454462,,,,,,,,,,,,,
51510,0,,,,,,,,,,,,,
51520,0.039248668,,,,,,,,,,,,,
51530,3.894736842,,,,,,,,,,,,,
51540,0,,,,,,,,,,,,,
51550,7.62705381,,,,,,,,,,,,,
51570,0,,,,,,,,,,,,,
51580,0,,,,,,,,,,,,,
51590,4.515155034,,,,,,,,,,,,,
51595,6.310106293,,,,,,,,,,,,,
51600,0,,,,,,,,,,,,,
51610,0,,,,,,,,,,,,,
51620,3.250990445,,,,,,,,,,,,,
51630,1.165280408,,,,,,,,,,,,,
51640,13.71769384,,,,,,,,,,,,,
51650,0.248786982,,,,,,,,,,,,,
51660,0,,,,,,,,,,,,,
51670,0,,,,,,,,,,,,,
51678,0,,,,,,,,,,,,,
51680,2.691615499,,,,,,,,,,,,,
51683,0,,,,,,,,,,,,,
51685,0,,,,,,,,,,,,,
51690,0,,,,,,,,,,,,,
51700,0.028182089,,,,,,,,,,,,,
51710,0,,,,,,,,,,,,,
51720,2.577059121,,,,,,,,,,,,,
51730,2.106724244,,,,,,,,,,,,,
51735,6.502057613,,,,,,,,,,,,,
51740,0,,,,,,,,,,,,,
51750,2.931496831,,,,,,,,,,,,,
51760,0,,,,,,,,,,,,,
51770,0.006183527,,,,,,,,,,,,,
51775,0,,,,,,,,,,,,,
51790,3.693253601,,,,,,,,,,,,,
51800,21.63267719,,,,,,,,,,,,,
51810,1.534495906,,,,,,,,,,,,,
51820,2.527849186,,,,,,,,,,,,,
51830,0,,,,,,,,,,,,,
51840,0,,,,,,,,,,,,,
53001,40.15912003,,,,,,,,,,,,,
53003,6.654950747,,,,,,,,,,,,,
53005,10.57102245,,,,,,,,,,,,,
53007,27.22454557,,,,,,,,,,,,,
53009,35.4531959,,,,,,,,,,,,,
53011,13.7684754,,,,,,,,,,,,,
53013,34.25698872,,,,,,,,,,,,,
53015,28.65149888,,,,,,,,,,,,,
53017,26.595717,,,,,,,,,,,,,
53019,100,,,,,,,,,,,,,
53021,13.3336745,,,,,,,,,,,,,
53023,100,,,,,,,,,,,,,
53025,38.74887792,,,,,,,,,,,,,
53027,40.11291674,,,,,,,,,,,,,
53029,46.89577867,,,,,,,,,,,,,
53031,57.4685324,,,,,,,,,,,,,
53033,3.207147292,,,,,,,,,,,,,
53035,16.7417265,,,,,,,,,,,,,
53037,40.0562141,,,,,,,,,,,,,
53039,60.21261935,,,,,,,,,,,,,
53041,60.65469485,,,,,,,,,,,,,
53043,100,,,,,,,,,,,,,
53045,63.69627177,,,,,,,,,,,,,
53047,79.98784047,,,,,,,,,,,,,
53049,64.77055449,,,,,,,,,,,,,
53051,83.10899162,,,,,,,,,,,,,
53053,6.59071332,,,,,,,,,,,,,
53055,100,,,,,,,,,,,,,
53057,29.02113754,,,,,,,,,,,,,
53059,100,,,,,,,,,,,,,
53061,10.8194607,,,,,,,,,,,,,
53063,13.67171667,,,,,,,,,,,,,
53065,79.20562358,,,,,,,,,,,,,
53067,20.9887261,,,,,,,,,,,,,
53069,100,,,,,,,,,,,,,
53071,17.12458107,,,,,,,,,,,,,
53073,25.87352093,,,,,,,,,,,,,
53075,27.53037341,,,,,,,,,,,,,
53077,23.51920602,,,,,,,,,,,,,
54001,83.72415456,,,,,,,,,,,,,
54003,31.62553159,,,,,,,,,,,,,
54005,81.40809615,,,,,,,,,,,,,
54007,100,,,,,,,,,,,,,
54009,42.12887947,,,,,,,,,,,,,
54011,21.558571,,,,,,,,,,,,,
54013,100,,,,,,,,,,,,,
54015,100,,,,,,,,,,,,,
54017,100,,,,,,,,,,,,,
54019,57.87267317,,,,,,,,,,,,,
54021,60.71551823,,,,,,,,,,,,,
54023,78.67973528,,,,,,,,,,,,,
54025,69.73506201,,,,,,,,,,,,,
54027,100,,,,,,,,,,,,,
54029,30.31034033,,,,,,,,,,,,,
54031,80.52049911,,,,,,,,,,,,,
54033,37.04974023,,,,,,,,,,,,,
54035,71.43884153,,,,,,,,,,,,,
54037,48.37377098,,,,,,,,,,,,,
54039,25.18815102,,,,,,,,,,,,,
54041,68.98973858,,,,,,,,,,,,,
54043,100,,,,,,,,,,,,,
54045,70.75089133,,,,,,,,,,,,,
54047,85.99014155,,,,,,,,,,,,,
54049,41.48321458,,,,,,,,,,,,,
54051,48.99266016,,,,,,,,,,,,,
54053,65.00878349,,,,,,,,,,,,,
54055,40.73140177,,,,,,,,,,,,,
54057,64.59308096,,,,,,,,,,,,,
54059,89.73881292,,,,,,,,,,,,,
54061,26.86273898,,,,,,,,,,,,,
54063,88.52021923,,,,,,,,,,,,,
54065,100,,,,,,,,,,,,,
54067,87.15739717,,,,,,,,,,,,,
54069,23.09250051,,,,,,,,,,,,,
54071,100,,,,,,,,,,,,,
54073,54.46416831,,,,,,,,,,,,,
54075,100,,,,,,,,,,,,,
54077,90.45047733,,,,,,,,,,,,,
54079,35.78380132,,,,,,,,,,,,,
54081,39.25867688,,,,,,,,,,,,,
54083,62.38394831,,,,,,,,,,,,,
54085,100,,,,,,,,,,,,,
54087,79.99464023,,,,,,,,,,,,,
54089,72.12608602,,,,,,,,,,,,,
54091,59.70405445,,,,,,,,,,,,,
54093,100,,,,,,,,,,,,,
54095,91.05125977,,,,,,,,,,,,,
54097,64.00181413,,,,,,,,,,,,,
54099,65.18678939,,,,,,,,,,,,,
54101,100,,,,,,,,,,,,,
54103,53.85635892,,,,,,,,,,,,,
54105,100,,,,,,,,,,,,,
54107,26.77446065,,,,,,,,,,,,,
54109,88.8846865,,,,,,,,,,,,,
55001,100,,,,,,,,,,,,,
55003,54.86166986,,,,,,,,,,,,,
55005,65.92762154,,,,,,,,,,,,,
55007,100,,,,,,,,,,,,,
55009,14.49434895,,,,,,,,,,,,,
55011,100,,,,,,,,,,,,,
55013,100,,,,,,,,,,,,,
55015,27.53466337,,,,,,,,,,,,,
55017,46.14275415,,,,,,,,,,,,,
55019,91.72960507,,,,,,,,,,,,,
55021,60.67073707,,,,,,,,,,,,,
55023,62.41888969,,,,,,,,,,,,,
55025,12.32991786,,,,,,,,,,,,,
55027,48.64182787,,,,,,,,,,,,,
55029,68.98686342,,,,,,,,,,,,,
55031,38.7554066,,,,,,,,,,,,,
55033,59.31322252,,,,,,,,,,,,,
55035,23.00072922,,,,,,,,,,,,,
55037,100,,,,,,,,,,,,,
55039,35.12933791,,,,,,,,,,,,,
55041,100,,,,,,,,,,,,,
55043,64.48797063,,,,,,,,,,,,,
55045,60.21660062,,,,,,,,,,,,,
55047,74.32680699,,,,,,,,,,,,,
55049,79.92147592,,,,,,,,,,,,,
55051,67.79918864,,,,,,,,,,,,,
55053,72.23825126,,,,,,,,,,,,,
55055,34.05109576,,,,,,,,,,,,,
55057,83.49459946,,,,,,,,,,,,,
55059,10.72308413,,,,,,,,,,,,,
55061,72.3340138,,,,,,,,,,,,,
55063,16.82775345,,,,,,,,,,,,,
55065,100,,,,,,,,,,,,,
55067,59.16303749,,,,,,,,,,,,,
55069,54.04794211,,,,,,,,,,,,,
55071,38.86201223,,,,,,,,,,,,,
55073,42.99023593,,,,,,,,,,,,,
55075,61.82902584,,,,,,,,,,,,,
55077,100,,,,,,,,,,,,,
55078,100,,,,,,,,,,,,,
55079,0.192036804,,,,,,,,,,,,,
55081,57.67241958,,,,,,,,,,,,,
55083,81.34360064,,,,,,,,,,,,,
55085,74.97083171,,,,,,,,,,,,,
55087,24.73867399,,,,,,,,,,,,,
55089,24.88685688,,,,,,,,,,,,,
55091,100,,,,,,,,,,,,,
55093,53.64830932,,,,,,,,,,,,,
55095,85.46544509,,,,,,,,,,,,,
55097,36.03164855,,,,,,,,,,,,,
55099,100,,,,,,,,,,,,,
55101,12.2779006,,,,,,,,,,,,,
55103,72.13806115,,,,,,,,,,,,,
55105,20.41651334,,,,,,,,,,,,,
55107,76.62487292,,,,,,,,,,,,,
55109,53.168534,,,,,,,,,,,,,
55111,46.14689557,,,,,,,,,,,,,
55113,84.20003624,,,,,,,,,,,,,
55115,74.39271496,,,,,,,,,,,,,
55117,28.28486585,,,,,,,,,,,,,
55119,80.44371405,,,,,,,,,,,,,
55121,89.61340922,,,,,,,,,,,,,
55123,85.69173412,,,,,,,,,,,,,
55125,100,,,,,,,,,,,,,
55127,34.19708886,,,,,,,,,,,,,
55129,83.20030168,,,,,,,,,,,,,
55131,30.78468689,,,,,,,,,,,,,
55133,9.860448177,,,,,,,,,,,,,
55135,64.93989697,,,,,,,,,,,,,
55137,89.49624428,,,,,,,,,,,,,
55139,13.43102147,,,,,,,,,,,,,
55141,36.68276499,,,,,,,,,,,,,
56001,11.93972286,,,,,,,,,,,,,
56003,100,,,,,,,,,,,,,
56005,29.0724644,,,,,,,,,,,,,
56007,41.630469,,,,,,,,,,,,,
56009,55.36037013,,,,,,,,,,,,,
56011,100,,,,,,,,,,,,,
56013,51.42437006,,,,,,,,,,,,,
56015,45.99592422,,,,,,,,,,,,,
56017,31.48379052,,,,,,,,,,,,,
56019,49.02555724,,,,,,,,,,,,,
56021,19.78460398,,,,,,,,,,,,,
56023,82.72948194,,,,,,,,,,,,,
56025,14.44930417,,,,,,,,,,,,,
56027,100,,,,,,,,,,,,,
56029,44.24038291,,,,,,,,,,,,,
56031,58.64774432,,,,,,,,,,,,,
56033,35.47877456,,,,,,,,,,,,,
56035,100,,,,,,,,,,,,,
56037,10.91631283,,,,,,,,,,,,,
56039,46.43091951,,,,,,,,,,,,,
56041,43.09593712,,,,,,,,,,,,,
56043,35.95452947,,,,,,,,,,,,,
56045,54.53662597,,,,,,,,,,,,,